BEGIN;

-- Inserção de dados para a tabela Mapa
INSERT INTO Mapa (IdMapa, Nome, Descricao)
VALUES 
  (1, 'Astera', 'Principal base dos caçadores, uma cidade movimentada com várias instalações essenciais.'),
  (2, 'Ancient Forest', 'Floresta exuberante com variedade de ecossistemas e monstros.'),
  (3, 'Wildspire Waste', 'Deserto vasto e quente, lar de criaturas adaptadas ao clima árido.'),
  (4, 'Coral Highlands', 'Região elevada coberta por corais, com uma paisagem deslumbrante.'),
  (5, 'Rotten Vale', 'Área sombria e contaminada, com carcaças de monstros e atmosfera perigosa.'),
  (6, 'Elder''s Recess', 'Área vulcânica e instável que abriga monstros poderosos.'),
  (7, 'Hoarfrost Reach', 'Mapa coberto de neve e gelo introduzido na expansão "Iceborne".');

-- Inserção de dados para a tabela Regiao
INSERT INTO Regiao (IdRegiao, Mapa, Nome, Descricao)
VALUES 
  (1, 1, 'Área Central de Astera', 'O coração da cidade, onde os jogadores podem encontrar a Praça Principal, o Mercado, o Centro de Comando e outros estabelecimentos importantes.'),
  (2, 1, 'Oficina do Ferreiro', 'Local onde os jogadores podem forjar e melhorar seus equipamentos.'),
  (3, 1, 'Canteiro de Botânicos', 'Área dedicada ao cultivo de itens e gestão de recursos.'),
  (4, 1, 'Quartel', 'Local onde os jogadores podem se reunir com outros caçadores, recrutar ajudantes e acessar missões multiplayer.'),
  (5, 1, 'Galeria de Caça', 'Exibe informações sobre monstros encontrados e abatidos pelos jogadores.'),
  (6, 1, 'Sala de Reuniões', 'Local para planejar missões, se reunir com outros caçadores e acessar a Tabela de Missões.'),
  (7, 2, 'Acampamento Base', 'Vale Norte, Floresta Antiga'),
  (8, 2, 'Acampamento Central', 'Vale Sul, Floresta Antiga'),
  (9, 2, 'Acampamento Árvore', 'Vale Central, Floresta Antiga'),
  (10, 2, 'Vale Norte', 'Área densamente arborizada na Floresta Antiga.'),
  (11, 2, 'Vale Sul', 'Uma área de vales e rios na Floresta Antiga.'),
  (12, 2, 'Vale Central', 'Região central com uma árvore maciça na Floresta Antiga.'),
  (13, 2, 'Área de Anjanath', 'Habitat do Anjanath na Floresta Antiga.'),
  (14, 2, 'Área de Rathalos', 'Habitat do Rathalos na Floresta Antiga.'),
  (15, 2, 'Área de Rathian', 'Habitat do Rathian na Floresta Antiga.'),
  (16, 2, 'Área de Tobi-Kadachi', 'Habitat do Tobi-Kadachi na Floresta Antiga.'),
  (17, 2, 'Área de Great Jagras', 'Habitat do Great Jagras na Floresta Antiga.'),
  (18, 3, 'Acampamento Oásis', 'Oásis, Deserto Ardente'),
  (19, 3, 'Acampamento Deserto', 'Planícies de Areia, Deserto Ardente'),
  (20, 3, 'Acampamento Rochoso', 'Área de Diablos, Deserto Ardente'),
  (21, 3, 'Planícies de Areia', 'Extensas áreas de areia no Deserto Ardente.'),
  (22, 3, 'Área de Diablos', 'Habitat do Diablos no Deserto Ardente.'),
  (23, 3, 'Área de Rathian', 'Habitat do Rathian no Deserto Ardente.'),
  (24, 3, 'Oásis', 'Uma área com água e vegetação no Deserto Ardente.'),
  (25, 3, 'Pântano de Ácido', 'Uma área perigosa com lama ácida no Deserto Ardente.'),
  (26, 4, 'Acampamento Legiana', 'Área de Legiana, Terras Altas Coral'),
  (27, 4, 'Acampamento Paolumu', 'Área de Paolumu, Terras Altas Coral'),
  (28, 4, 'Acampamento Tzitzi', 'Área de Tzitzi-Ya-Ku, Terras Altas Coral'),
  (29, 4, 'Área de Legiana', 'Habitat do Legiana nas Terras Altas Coral.'),
  (30, 4, 'Área de Paolumu', 'Habitat do Paolumu nas Terras Altas Coral.'),
  (31, 4, 'Área de Tzitzi-Ya-Ku', 'Habitat do Tzitzi-Ya-Ku nas Terras Altas Coral.'),
  (32, 4, 'Ninhos Superiores', 'Áreas elevadas com ecossistemas únicos nas Terras Altas Coral.'),
  (33, 5, 'Acampamento Girros', 'Área de Great Girros, Vale Apodrecido'),
  (34, 5, 'Acampamento Odogaron', 'Área de Odogaron, Vale Apodrecido'),
  (35, 5, 'Acampamento Radobaan', 'Área de Radobaan, Vale Apodrecido'),
  (36, 5, 'Área de Great Girros', 'Habitat do Great Girros no Vale Apodrecido.'),
  (37, 5, 'Área de Odogaron', 'Habitat do Odogaron no Vale Apodrecido.'),
  (38, 5, 'Área de Radobaan', 'Habitat do Radobaan no Vale Apodrecido.'),
  (39, 5, 'Covil da Morte', 'Uma área com carcaças em decomposição no Vale Apodrecido.'),
  (40, 6, 'Acampamento Nergigante', 'Área de Nergigante, Ninho do Ancião'),
  (41, 6, 'Acampamento Teostra', 'Área de Teostra, Ninho do Ancião'),
  (42, 6, 'Acampamento Vaal Hazak', 'Área de Vaal Hazak, Ninho do Ancião'),
  (43, 6, 'Acampamento Kushala', 'Área de Kushala Daora, Ninho do Ancião'),
  (44, 6, 'Área de Nergigante', 'Habitat do Nergigante no Ninho do Ancião.'),
  (45, 6, 'Área de Teostra', 'Habitat do Teostra no Ninho do Ancião.'),
  (46, 6, 'Área de Vaal Hazak', 'Habitat do Vaal Hazak no Ninho do Ancião.'),
  (47, 6, 'Área de Kushala Daora', 'Habitat do Kushala Daora no Ninho do Ancião.'),
  (48, 7, 'Acampamento Beotodus', 'Área de Beotodus, Gélido Extremo'),
  (49, 7, 'Acampamento Banbaro', 'Área de Banbaro, Gélido Extremo'),
  (50, 7, 'Acampamento Picos Gelados', 'Picos Gelados, Gélido Extremo'),
  (51, 7, 'Base Seliana', 'Introduzida em Iceborne, é a nova base dos caçadores no Gélido Extremo.'),
  (52, 7, 'Planalto do Ancião', 'Uma área de terreno elevado no Gélido Extremo.'),
  (53, 7, 'Área de Beotodus', 'Habitat do Beotodus no Gélido Extremo.'),
  (54, 7, 'Área de Banbaro', 'Habitat do Banbaro no Gélido Extremo.'),
  (55, 7, 'Picos Gelados', 'Áreas com terreno acidentado e nevasca no Gélido Extremo.'),
  (56, 7, 'Acampamento Base Seliana', 'Base Seliana, Gélido Extremo'),
  (57, 7, 'Acampamento Planalto', 'Planalto do Ancião, Gélido Extremo');

-- Astera
INSERT INTO LevaEm (RegiaoOrigem, RegiaoDestino) VALUES
  (1, 2), -- Área Central de Astera -> Oficina do Ferreiro
  (1, 3), -- Área Central de Astera -> Canteiro de Botânicos
  (1, 4), -- Área Central de Astera -> Quartel
  (1, 5), -- Área Central de Astera -> Galeria de Caça
  (1, 6), -- Área Central de Astera -> Sala de Reuniões
  (2, 1), -- Oficina do Ferreiro -> Área Central de Astera
  (3, 1), -- Canteiro de Botânicos -> Área Central de Astera
  (4, 1), -- Quartel -> Área Central de Astera
  (5, 1), -- Galeria de Caça -> Área Central de Astera
  (6, 1); -- Sala de Reuniões -> Área Central de Astera

-- Floresta Antiga
INSERT INTO LevaEm (RegiaoOrigem, RegiaoDestino) VALUES
  (7, 10), -- Acampamento Base -> Vale Norte
  (8, 11), -- Acampamento Central -> Vale Sul
  (9, 12), -- Acampamento Árvore -> Vale Central
  (10, 13), -- Vale Norte -> Área de Anjanath
  (11, 14), -- Vale Sul -> Área de Rathalos
  (12, 15), -- Vale Central -> Área de Rathian
  (13, 16), -- Área de Anjanath -> Área de Tobi-Kadachi
  (14, 17), -- Área de Rathalos -> Área de Great Jagras
  (15, 17), -- Área de Rathian -> Área de Great Jagras
  (16, 17), -- Área de Tobi-Kadachi -> Área de Great Jagras
  (17, 10), -- Área de Great Jagras -> Vale Norte
  (17, 11), -- Área de Great Jagras -> Vale Sul
  (17, 12), -- Área de Great Jagras -> Vale Central
  (10, 7), -- Vale Norte -> Acampamento Base
  (11, 8), -- Vale Sul -> Acampamento Central
  (12, 9); -- Vale Central -> Acampamento Árvore

-- Deserto Ardente
INSERT INTO LevaEm (RegiaoOrigem, RegiaoDestino) VALUES
  (18, 21), -- Acampamento Oásis -> Planícies de Areia
  (19, 21), -- Acampamento Deserto -> Planícies de Areia
  (20, 21), -- Acampamento Rochoso -> Planícies de Areia
  (21, 22), -- Planícies de Areia -> Área de Diablos
  (22, 23), -- Área de Diablos -> Área de Rathian
  (23, 24), -- Área de Rathian -> Oásis
  (24, 25), -- Oásis -> Pântano de Ácido
  (25, 24), -- Pântano de Ácido -> Oásis
  (25, 25), -- Pântano de Ácido -> Pântano de Ácido
  (21, 18), -- Planícies de Areia -> Acampamento Oásis
  (21, 19), -- Planícies de Areia -> Acampamento Deserto
  (21, 20), -- Planícies de Areia -> Acampamento Rochoso
  (22, 21), -- Área de Diablos -> Planícies de Areia
  (23, 22), -- Área de Rathian -> Área de Diablos
  (24, 23); -- Oásis -> Área de Rathian

-- Terras Altas Coral
INSERT INTO LevaEm (RegiaoOrigem, RegiaoDestino) VALUES
  (26, 29), -- Acampamento Legiana -> Área de Legiana
  (27, 30), -- Acampamento Paolumu -> Área de Paolumu
  (28, 31), -- Acampamento Tzitzi -> Área de Tzitzi-Ya-Ku
  (29, 32), -- Área de Legiana -> Ninhos Superiores
  (30, 32), -- Área de Paolumu -> Ninhos Superiores
  (31, 32), -- Área de Tzitzi-Ya-Ku -> Ninhos Superiores
  (32, 29), -- Ninhos Superiores -> Área de Legiana
  (32, 30), -- Ninhos Superiores -> Área de Paolumu
  (32, 31), -- Ninhos Superiores -> Área de Tzitzi-Ya-Ku
  (29, 26), -- Área de Legiana -> Acampamento Legiana
  (30, 27), -- Área de Paolumu -> Acampamento Paolumu
  (31, 28); -- Área de Tzitzi-Ya-Ku -> Acampamento Tzitzi

-- Vale Apodrecido
INSERT INTO LevaEm (RegiaoOrigem, RegiaoDestino) VALUES
  (33, 36), -- Acampamento Girros -> Área de Great Girros
  (34, 37), -- Acampamento Odogaron -> Área de Odogaron
  (35, 38), -- Acampamento Radobaan -> Área de Radobaan
  (36, 39), -- Área de Great Girros -> Covil da Morte
  (37, 39), -- Área de Odogaron -> Covil da Morte
  (38, 39), -- Área de Radobaan -> Covil da Morte
  (39, 36), -- Covil da Morte -> Área de Great Girros
  (39, 37), -- Covil da Morte -> Área de Odogaron
  (39, 38), -- Covil da Morte -> Área de Radobaan
  (36, 33), -- Área de Great Girros -> Acampamento Girros
  (37, 34), -- Área de Odogaron -> Acampamento Odogaron
  (38, 35); -- Área de Radobaan -> Acampamento Radobaan

-- Ninho do Ancião
INSERT INTO LevaEm (RegiaoOrigem, RegiaoDestino) VALUES
  (40, 44), -- Acampamento Nergigante -> Área de Nergigante
  (41, 45), -- Acampamento Teostra -> Área de Teostra
  (42, 46), -- Acampamento Vaal Hazak -> Área de Vaal Hazak
  (43, 47), -- Acampamento Kushala -> Área de Kushala Daora
  (44, 40), -- Área de Nergigante -> Acampamento Nergigante
  (45, 41), -- Área de Teostra -> Acampamento Teostra
  (46, 42), -- Área de Vaal Hazak -> Acampamento Vaal Hazak
  (47, 43), -- Área de Kushala Daora -> Acampamento Kushala
  (44, 45), -- Área de Nergigante -> Área de Teostra
  (45, 46), -- Área de Teostra -> Área de Vaal Hazak
  (46, 47), -- Área de Vaal Hazak -> Área de Kushala Daora
  (47, 44), -- Área de Kushala Daora -> Área de Nergigante
  (44, 40), -- Área de Nergigante -> Acampamento Nergigante
  (45, 41), -- Área de Teostra -> Acampamento Teostra
  (46, 42), -- Área de Vaal Hazak -> Acampamento Vaal Hazak
  (47, 43), -- Área de Kushala Daora -> Acampamento Kushala
  (40, 40), -- Acampamento Nergigante -> Acampamento Nergigante
  (41, 41), -- Acampamento Teostra -> Acampamento Teostra
  (42, 42), -- Acampamento Vaal Hazak -> Acampamento Vaal Hazak
  (43, 43), -- Acampamento Kushala -> Acampamento Kushala
  (44, 44), -- Área de Nergigante -> Área de Nergigante
  (45, 45); -- Área de Teostra -> Área de Teostra


-- Gélido Extremo
INSERT INTO LevaEm (RegiaoOrigem, RegiaoDestino) VALUES
  (48, 53), -- Acampamento Beotodus -> Área de Beotodus
  (49, 54), -- Acampamento Banbaro -> Área de Banbaro
  (50, 55), -- Acampamento Picos Gelados -> Picos Gelados
  (51, 56), -- Base Seliana -> Acampamento Base Seliana
  (52, 57), -- Planalto do Ancião -> Acampamento Planalto
  (53, 57), -- Área de Beotodus -> Acampamento Planalto
  (54, 57), -- Área de Banbaro -> Acampamento Planalto
  (55, 57), -- Picos Gelados -> Acampamento Planalto
  (56, 56), -- Acampamento Base Seliana -> Base Seliana
  (57, 57), -- Acampamento Planalto -> Planalto do Ancião
  (53, 48), -- Área de Beotodus -> Acampamento Beotodus
  (54, 49), -- Área de Banbaro -> Acampamento Banbaro
  (55, 50), -- Picos Gelados -> Acampamento Picos Gelados
  (56, 51), -- Acampamento Base Seliana -> Base Seliana
  (57, 52), -- Acampamento Planalto -> Planalto do Ancião
  (53, 54), -- Área de Beotodus -> Área de Banbaro
  (53, 55), -- Área de Beotodus -> Picos Gelados
  (53, 56), -- Área de Beotodus -> Acampamento Base Seliana
  (53, 57), -- Área de Beotodus -> Acampamento Planalto
  (54, 53), -- Área de Banbaro -> Área de Beotodus
  (54, 55), -- Área de Banbaro -> Picos Gelados
  (54, 56), -- Área de Banbaro -> Acampamento Base Seliana
  (54, 57), -- Área de Banbaro -> Acampamento Planalto
  (55, 53), -- Picos Gelados -> Área de Beotodus
  (55, 54), -- Picos Gelados -> Área de Banbaro
  (55, 56), -- Picos Gelados -> Acampamento Base Seliana
  (55, 57), -- Picos Gelados -> Acampamento Planalto
  (56, 53), -- Acampamento Base Seliana -> Área de Beotodus
  (56, 54), -- Acampamento Base Seliana -> Área de Banbaro
  (56, 55), -- Acampamento Base Seliana -> Picos Gelados
  (56, 57), -- Acampamento Base Seliana -> Acampamento Planalto
  (57, 53), -- Acampamento Planalto -> Área de Beotodus
  (57, 54), -- Acampamento Planalto -> Área de Banbaro
  (57, 55), -- Acampamento Planalto -> Picos Gelados
  (57, 56); -- Acampamento Planalto -> Acampamento Base Seliana

-- Área Central de Astera
INSERT INTO NPC (IdNPC, Regiao, Nome, Descricao, Funcao, Raca, Genero) VALUES 
    (1, 1, 'Comandante', 'Líder da Comissão de Caçadores.', 'tutorial', 'humano', 'masculino'),
    (2, 1, 'Feiticeira', 'Gerencia a Loja Provisions e fornece missões opcionais.', 'loja', 'humano', 'feminino');

-- Oficina do Ferreiro
INSERT INTO NPC (IdNPC, Regiao, Nome, Descricao, Funcao, Raca, Genero) VALUES 
    (3, 1, 'Ferreiro', 'Responsável por forjar e melhorar equipamentos.', 'forja', 'humano', 'masculino'),
    (4, 1, 'Vendedor de Armas', 'Oferece uma variedade de armas para compra.', 'loja', 'humano', 'masculino');

-- Canteiro de Botânicos
INSERT INTO NPC (IdNPC, Regiao, Nome, Descricao, Funcao, Raca, Genero) VALUES 
    (5, 1, 'Botânicos', 'Gerenciam o cultivo de itens.', 'npc', 'humano', 'ambos');

-- Quartel
INSERT INTO NPC (IdNPC, Regiao, Nome, Descricao, Funcao, Raca, Genero) VALUES 
    (6, 1, 'Assistente', 'Coordena as missões e informações gerais.', 'assistente', 'npc', 'ambos'),
    (7, 1, 'Comandante', 'Pode ser encontrado aqui, além de outros caçadores e NPCs.', 'npc', 'humano', 'masculino');

-- Galeria de Caça
INSERT INTO NPC (IdNPC, Regiao, Nome, Descricao, Funcao, Raca, Genero) VALUES 
    (8, 1, 'Ecóloga', 'Fornece informações detalhadas sobre monstros.', 'npc', 'humano', 'feminino'),
    (9, 1, 'Biólogo', 'Mantém registros de monstros derrotados.', 'npc', 'humano', 'ambos');

-- Sala de Reuniões
INSERT INTO NPC (IdNPC, Regiao, Nome, Descricao, Funcao, Raca, Genero) VALUES 
    (10, 1, 'Assistente', 'Pode ser encontrada aqui para atribuir missões principais.', 'assistente', 'humano', 'feminino'),
    (11, 1, 'Mestre do Canteiro', 'Gerencia o Canteiro de Botânicos.', 'npc', 'humano', 'masculino');

-- NPCs para Acampamentos
INSERT INTO NPC (IdNPC, Regiao, Nome, Descricao, Funcao, Raca, Genero) VALUES 
    (12, 7, 'Assistente de Missão - Acampamento Base', 'Auxilia os caçadores na gestão de missões no Acampamento Base.', 'AssistenteMissao', 'humano', 'feminino'),
    (13, 8, 'Assistente de Missão - Acampamento Central', 'Auxilia os caçadores na gestão de missões no Acampamento Central.', 'AssistenteMissao', 'humano', 'feminino'),
    (14, 9, 'Assistente de Missão - Acampamento Árvore', 'Auxilia os caçadores na gestão de missões no Acampamento Árvore.', 'AssistenteMissao', 'humano', 'feminino'),
    (15, 18, 'Assistente de Missão - Acampamento Oásis', 'Auxilia os caçadores na gestão de missões no Acampamento Oásis.', 'AssistenteMissao', 'humano', 'feminino'),
    (16, 19, 'Assistente de Missão - Acampamento Deserto', 'Auxilia os caçadores na gestão de missões no Acampamento Deserto.', 'AssistenteMissao', 'humano', 'feminino'),
    (17, 20, 'Assistente de Missão - Acampamento Rochoso', 'Auxilia os caçadores na gestão de missões no Acampamento Rochoso.', 'AssistenteMissao', 'humano', 'feminino'),
    (18, 26, 'Assistente de Missão - Acampamento Legiana', 'Auxilia os caçadores na gestão de missões no Acampamento Legiana.', 'AssistenteMissao', 'humano', 'feminino'),
    (19, 27, 'Assistente de Missão - Acampamento Paolumu', 'Auxilia os caçadores na gestão de missões no Acampamento Paolumu.', 'AssistenteMissao', 'humano', 'feminino'),
    (20, 28, 'Assistente de Missão - Acampamento Tzitzi', 'Auxilia os caçadores na gestão de missões no Acampamento Tzitzi.', 'AssistenteMissao', 'humano', 'feminino'),
    (21, 33, 'Assistente de Missão - Acampamento Girros', 'Auxilia os caçadores na gestão de missões no Acampamento Girros.', 'AssistenteMissao', 'humano', 'feminino'),
    (22, 34, 'Assistente de Missão - Acampamento Odogaron', 'Auxilia os caçadores na gestão de missões no Acampamento Odogaron.', 'AssistenteMissao', 'humano', 'feminino'),
    (23, 35, 'Assistente de Missão - Acampamento Radobaan', 'Auxilia os caçadores na gestão de missões no Acampamento Radobaan.', 'AssistenteMissao', 'humano', 'feminino'),
    (24, 40, 'Assistente de Missão - Acampamento Nergigante', 'Auxilia os caçadores na gestão de missões no Acampamento Nergigante.', 'AssistenteMissao', 'humano', 'feminino'),
    (25, 41, 'Assistente de Missão - Acampamento Teostra', 'Auxilia os caçadores na gestão de missões no Acampamento Teostra.', 'AssistenteMissao', 'humano', 'feminino'),
    (26, 42, 'Assistente de Missão - Acampamento Vaal Hazak', 'Auxilia os caçadores na gestão de missões no Acampamento Vaal Hazak.', 'AssistenteMissao', 'humano', 'feminino'),
    (27, 43, 'Assistente de Missão - Acampamento Kushala', 'Auxilia os caçadores na gestão de missões no Acampamento Kushala.', 'AssistenteMissao', 'humano', 'feminino'),
    (28, 48, 'Assistente de Missão - Acampamento Beotodus', 'Auxilia os caçadores na gestão de missões no Acampamento Beotodus.', 'AssistenteMissao', 'humano', 'feminino'),
    (29, 49, 'Assistente de Missão - Acampamento Banbaro', 'Auxilia os caçadores na gestão de missões no Acampamento Banbaro.', 'AssistenteMissao', 'humano', 'feminino'),
    (30, 50, 'Assistente de Missão - Acampamento Picos Gelados', 'Auxilia os caçadores na gestão de missões no Acampamento Picos Gelados.', 'AssistenteMissao', 'humano', 'feminino'),
    (31, 56, 'Assistente de Missão - Acampamento Base Seliana', 'Auxilia os caçadores na gestão de missões no Acampamento Base Seliana.', 'AssistenteMissao', 'humano', 'feminino'),
    (32, 57, 'Assistente de Missão - Acampamento Planalto', 'Auxilia os caçadores na gestão de missões no Acampamento Planalto.', 'AssistenteMissao', 'humano', 'feminino');

-- FALAS
INSERT INTO Fala (IdFala, NPC, Fala, Repetivel, FoiExecutado)
VALUES 
    (1, 1, 'Bem-vindo, intrépido caçador, ao Novo Mundo, um reino vasto e misterioso repleto de criaturas lendárias e desafios épicos.', true, false),
    (2, 1, 'Este continente inexplorado é o palco de suas caçadas, onde terras exuberantes e perigosas aguardam por sua exploração. Astera, nossa base central, é o ponto de partida para suas aventuras, cercada por ecossistemas diversificados e habitats impressionantes.', true, false),
    (3, 1, 'Aqui em Astera, você se tornará parte de uma guilda de elite de caçadores, encarregada de enfrentar criaturas colossais que dominam o Novo Mundo. Sua missão? Desbravar, caçar e se tornar um verdadeiro mestre na arte da caçada.', true, false),
    (4, 1, 'Primeiro, familiarize-se com Astera, a nossa base central. Caminhe pelas ruas, converse com outros caçadores na Sala de Encontros e, quando estiver pronto para a ação, dirija-se ao Salão de Missões para desafios empolgantes.', false, false),
    (5, 1, 'À sua disposição estão a Loja, onde você pode adquirir equipamentos cruciais, e a Forja, onde aprimorará suas armas e armaduras para os desafios que virão. A preparação é a chave para o sucesso.', true, false),
    (6, 1, 'Nas vastas planícies e florestas densas, você encontrará monstros colossais, cada um com sua própria ecologia e comportamento. Cada caçada é uma jornada única, uma batalha contra a natureza selvagem que molda o Novo Mundo.', true, false),
    (7, 1, 'Não se limite a caçar apenas pelas recompensas, mas também pela descoberta. Ruínas antigas, ecossistemas interconectados e segredos ocultos aguardam aqueles que ousam explorar. Mantenha os olhos abertos e esteja preparado para se maravilhar com a grandiosidade deste mundo.', true, false),
    (8, 1, 'Parta agora para as terras desconhecidas, caçador! Seu objetivo é grandioso, mas lembre-se, cada passo que você dá, cada monstro que enfrenta, molda a lenda que está destinado a se tornar. Boa sorte em suas caçadas, que sejam verdadeiramente lendárias!', true, false),
    (9, 2, 'Olá! Eu sou a Feiticeira. Se precisar de suprimentos, estou aqui para ajudar. Também posso oferecer algumas missões opcionais. Dê uma olhada na Loja Provisions!', true, false),
    (10, 3, 'E aí, caçador(a)! Eu sou o Ferreiro. Se quiser melhorar ou forjar equipamentos, você veio ao lugar certo. Mostre-me suas peças e vamos criar algo incrível!', true, false),
    (11, 4, 'Ei, caçador(a)! Precisa de uma arma nova? Aqui é o lugar certo. Dê uma olhada na minha seleção. Se precisar de conselhos, estou à disposição.', true, false),
    (12, 5, 'Olá, caçador(a)! Nós somos os Botânicos. Se precisar de recursos naturais ou quiser cultivar itens, você está no Canteiro certo. Cuidaremos das suas plantas!', true, false),
    (13, 6, 'Bem-vindo(a) ao Quartel! Eu sou o(a) Assistente. Aqui você pode reunir-se com outros caçadores, recrutar ajudantes e acessar missões multiplayer. Alguma dúvida? Estou aqui!', true, false),
    (14, 7, 'Oi, caçador(a)! Sou a Ecóloga. Se quiser informações detalhadas sobre os monstros que encontrou, estou aqui para ajudar. Sempre é bom conhecer bem o inimigo, não é?', true, false),
    (15, 8, 'Saudações, caçador(a)! Mantenho registros dos monstros que você derrotou. Se quiser conferir suas conquistas ou buscar informações sobre as bestas, estou à disposição.', true, false),
    (16, 9, 'Olá! Eu sou o(a) Assistente da Sala de Reuniões. Precisa de alguma orientação sobre missões principais? Estou aqui para ajudar. Planejamento é a chave para o sucesso!', true, false),
    (17, 10, 'Cumprimentos, caçador(a)! Sou o Mestre do Canteiro. Se precisar de recursos cultivados ou quiser gerenciar o Canteiro de Botânicos, estou aqui para garantir que tudo esteja em ordem.', true, false),
    (18, 11, 'Ah, outro caçador(a) se junta às nossas fileiras. Eu sou o Comandante, líder da Comissão. Sua coragem é essencial. Consulte-me para missões principais e contribua para a prosperidade de Astera!', true, false),
    (19, 12, 'Olá, caçador(a)! Se precisar encerrar sua expedição, estou aqui para ajudar. É só me chamar quando estiver pronto(a) para voltar. Boa caçada!', true, false),
    (20, 13, 'Oi, caçador(a)! Quando quiser encerrar sua expedição, estou aqui para ajudar. É só me procurar quando estiver pronto(a) para voltar. Boa caçada!', true, false),
    (21, 14, 'Saudações, caçador(a)! Se quiser encerrar sua expedição, estou aqui para ajudar. É só me procurar quando estiver pronto(a) para voltar. Boa caçada!', true, false),
    (22, 15, 'Brrr, está congelando por aí? Quando quiser voltar, estou aqui para ajudar. Me chame quando estiver pronto(a) para retornar da expedição. Boa caçada!', true, false),
    (23, 16, 'Olá, caçador(a)! Quando estiver pronto(a) para retornar da expedição, estarei aqui para ajudar. É só me chamar. Boa caçada!', true, false),
    (24, 17, 'Olá, caçador(a)! Estou aqui para ajudar com suas missões. Quando estiver pronto(a) para retornar da expedição, basta me procurar. Boa caçada!', true, false),
    (25, 18, 'Olá, caçador(a)! Estou aqui para ajudar com suas missões. Quando estiver pronto(a) para retornar da expedição, basta me procurar. Boa caçada!', true, false),
    (26, 19, 'Olá, caçador(a)! Estou aqui para ajudar com suas missões. Quando estiver pronto(a) para retornar da expedição, basta me procurar. Boa caçada!', true, false),
    (27, 20, 'Olá, caçador(a)! Estou aqui para ajudar com suas missões. Quando estiver pronto(a) para retornar da expedição, basta me procurar. Boa caçada!', true, false),
    (28, 21, 'Olá, caçador(a)! Estou aqui para ajudar com suas missões. Quando estiver pronto(a) para retornar da expedição, basta me procurar. Boa caçada!', true, false),
    (29, 22, 'Olá, caçador(a)! Estou aqui para ajudar com suas missões. Quando estiver pronto(a) para retornar da expedição, basta me procurar. Boa caçada!', true, false),
    (30, 23, 'Olá, caçador(a)! Estou aqui para ajudar com suas missões. Quando estiver pronto(a) para retornar da expedição, basta me procurar. Boa caçada!', true, false),
    (31, 24, 'Olá, caçador(a)! Estou aqui para ajudar com suas missões. Quando estiver pronto(a) para retornar da expedição, basta me procurar. Boa caçada!', true, false),
    (32, 25, 'Olá, caçador(a)! Estou aqui para ajudar com suas missões. Quando estiver pronto(a) para retornar da expedição, basta me procurar. Boa caçada!', true, false),
    (33, 26, 'Olá, caçador(a)! Estou aqui para ajudar com suas missões. Quando estiver pronto(a) para retornar da expedição, basta me procurar. Boa caçada!', true, false),
    (34, 27, 'Olá, caçador(a)! Estou aqui para ajudar com suas missões. Quando estiver pronto(a) para retornar da expedição, basta me procurar. Boa caçada!', true, false),
    (35, 28, 'Olá, caçador(a)! Estou aqui para ajudar com suas missões. Quando estiver pronto(a) para retornar da expedição, basta me procurar. Boa caçada!', true, false),
    (36, 29, 'Olá, caçador(a)! Estou aqui para ajudar com suas missões. Quando estiver pronto(a) para retornar da expedição, basta me procurar. Boa caçada!', true, false),
    (37, 30, 'Olá, caçador(a)! Estou aqui para ajudar com suas missões. Quando estiver pronto(a) para retornar da expedição, basta me procurar. Boa caçada!', true, false),
    (38, 31, 'Olá, caçador(a)! Estou aqui para ajudar com suas missões. Quando estiver pronto(a) para retornar da expedição, basta me procurar. Boa caçada!', true, false),
    (39, 32, 'Olá, caçador(a)! Estou aqui para ajudar com suas missões. Quando estiver pronto(a) para retornar da expedição, basta me procurar. Boa caçada!', true, false);

-- MONSTROS
INSERT INTO Monstro (IdMonstro, Nome, Elemento, Vida, Ataque)
VALUES 
    (1, 'Acidic Glavenus', 'Acid', 5000, 800),
    (2, 'Alatreon', 'Dragon', 6000, 900),
    (3, 'Ancient Leshen', 'Dragon', 5500, 850),
    (4, 'Anjanath', 'Fire', 4500, 750),
    (5, 'Azure Rathalos', 'Fire', 4800, 780),
    (6, 'Banbaro', 'Ice', 4200, 720),
    (7, 'Barioth', 'Ice', 4300, 730),
    (8, 'Barroth', 'Water', 4000, 700),
    (9, 'Bazelgeuse', 'Fire', 5200, 820),
    (10, 'Behemoth', 'Dragon', 7000, 1000),
    (11, 'Beotodus', 'Ice', 4100, 710),
    (12, 'Black Diablos', 'Dragon', 4700, 770),
    (13, 'Blackveil Vaal Hazak', 'Dragon', 6000, 900),
    (14, 'Brachydios', 'Blast', 4800, 780),
    (15, 'Brute Tigrex', 'Dragon', 5000, 800),
    (16, 'Coral Pukei-Pukei', 'Water', 4200, 720),
    (17, 'Deviljho', 'Dragon', 5500, 850),
    (18, 'Diablos', 'Dragon', 4700, 770),
    (19, 'Dodogama', 'Water', 4000, 700),
    (20, 'Ebony Odogaron', 'Dragon', 4900, 790),
    (21, 'Fatalis', 'Dragon', 10000, 1200),
    (22, 'Frostfang Barioth', 'Ice', 4800, 780),
    (23, 'Fulgur Anjanath', 'Thunder', 4600, 760),
    (24, 'Furious Rajang', 'Thunder', 5800, 880),
    (25, 'Glavenus', 'Fire', 5000, 800),
    (26, 'Gold Rathian', 'Fire', 5200, 820),
    (27, 'Great Girros', 'Thunder', 4300, 730),
    (28, 'Great Jagras', 'Water', 3000, 500),
    (29, 'Jyuratodus', 'Water', 4100, 710),
    (30, 'Kirin', 'Thunder', 5400, 860),
    (31, 'Kulu-Ya-Ku', 'None', 3500, 650),
    (32, 'Kulve Taroth', 'None', 8000, 1000),
    (33, 'Kushala Daora', 'Ice', 5200, 820),
    (34, 'Lavasioth', 'Fire', 4700, 770),
    (35, 'Legiana', 'Ice', 4900, 790),
    (36, 'Leshen', 'Dragon', 6000, 900),
    (37, 'Lunastra', 'Fire', 5500, 850),
    (38, 'Namielle', 'Water', 5600, 860),
    (39, 'Nargacuga', 'None', 4500, 750),
    (40, 'Nergigante', 'Dragon', 7000, 1000),
    (41, 'Nightshade Paolumu', 'Thunder', 4400, 740),
    (42, 'Odogaron', 'Dragon', 4900, 790),
    (43, 'Paolumu', 'None', 4200, 720),
    (44, 'Pink Rathian', 'Fire', 5100, 810),
    (45, 'Pukei-Pukei', 'Poison', 3900, 690),
    (46, 'Radobaan', 'None', 4300, 730),
    (47, 'Raging Brachydios', 'Blast', 5600, 860),
    (48, 'Rajang', 'Thunder', 5700, 870),
    (49, 'Rathalos', 'Fire', 5300, 830),
    (50, 'Rathian', 'Fire', 5200, 820),
    (51, 'Ruiner Nergigante', 'Dragon', 8000, 1100),
    (52, 'Safijiiva', 'Dragon', 8000, 1000),
    (53, 'Savage Deviljho', 'Dragon', 5800, 880),
    (54, 'Scarred Yian Garuga', 'Fire', 5400, 860),
    (55, 'Seething Bazelgeuse', 'Fire', 5800, 880),
    (56, 'Shara Ishvalda', 'Dragon', 9000, 1100),
    (57, 'Shrieking Legiana', 'Ice', 4900, 790),
    (58, 'Silver Rathalos', 'Fire', 5400, 860),
    (59, 'Stygian Zinogre', 'Dragon', 5600, 860),
    (60, 'Teostra', 'Fire', 5500, 850),
    (61, 'Tigrex', 'Dragon', 5000, 800),
    (62, 'Tobi-Kadachi', 'Thunder', 4600, 760),
    (63, 'Tzitzi-Ya-Ku', 'Thunder', 4300, 730),
    (64, 'Uragaan', 'Fire', 5100, 810),
    (65, 'Vaal Hazak', 'Dragon', 6000, 900),
    (66, 'Velkhana', 'Ice', 5800, 880),
    (67, 'Viper Tobi-Kadachi', 'Thunder', 4500, 750),
    (68, 'Xenojiiva', 'Dragon', 8000, 1000),
    (69, 'Yian Garuga', 'Fire', 5400, 860),
    (70, 'Zinogre', 'Thunder', 4700, 770),
    (71, 'Zorah Magdaros', 'Dragon', 12000, 1500), 
    (72, 'Jagras', 'Water', 2800, 480), 
    (73, 'Kestodon Femea', 'None', 2500, 450), 
    (74, 'Kestodon Macho', 'None', 2500, 450);




-- REGIAO MONSTRO
INSERT INTO RegiaoMonstro (IdRegiaoMonstro, Regiao, Monstro)
VALUES
-- Vale Norte (10)
(1, 10, 1),  -- Acidic Glavenus
(2, 10, 6),  -- Banbaro
(3, 10, 14), -- Brachydios
(4, 10, 25), -- Glavenus
(5, 10, 61), -- Tigrex

-- Vale Sul (11)
(6, 11, 7),  -- Barioth
(7, 11, 18), -- Diablos
(8, 11, 29), -- Jyuratodus
(9, 11, 34), -- Lavasioth
(10, 11, 64), -- Uragaan

-- Vale Central (12)
(11, 12, 31),  -- Kulu-ya-ku
(12, 12, 46), -- Radobaan
(13, 12, 47), -- Raging Brachydios
(14, 12, 71), -- Zorah Magdaros

-- Área de Anjanath (13)
(15, 13, 4),  -- Anjanath

-- Área de Rathalos (14)
(16, 14, 5),  -- Azure Rathalos
(17, 14, 49), -- Rathalos
(18, 14, 58), -- Silver Rathalos

-- Área de Rathian (15)
(19, 15, 26), -- Gold Rathian
(20, 15, 44), -- Pink Rathian
(21, 15, 50), -- Rathian

-- Área de Tobi-Kadachi (16)
(22, 16, 23), -- Fulgur Anjanath
(23, 16, 62), -- Tobi-Kadachi
(24, 16, 67), -- Viper Tobi-Kadachi

-- Área de Great Jagras (17)
(25, 17, 19), -- Dodogama
(26, 17, 28), -- Great Jagras
(27, 17, 27), -- Great Girros

-- Planícies de Areia (21)
(28, 21, 12), -- Black Diablos
(29, 21, 8), -- Barroth

-- Área de Diablos (22)
(30, 22, 18), -- Diablos
(31, 22, 12), -- Black Diablos

-- Área de Rathian (23)
(32, 23, 16), -- Coral Pukei-Pukei
(33, 23, 43), -- Paolumu
(34, 23, 44), -- Pink Rathian
(35, 23, 45), -- Pukei-Pukei

-- Oásis (24)
(36, 24, 8),  -- Barroth
(37, 24, 29), -- Jyuratodus
(38, 24, 34), -- Lavasioth

-- Pântano de Ácido (25)
(39, 25, 1), -- Acidic Glavenus
(40, 25, 17), -- Deviljho
(41, 25, 29), -- Jyuratodus
(42, 25, 46), -- Radobaan

-- Área de Legiana (29)
(43, 29, 35), -- Legiana
(44, 29, 57), -- Shrieking Legiana

-- Área de Paolumu (30)
(45, 30, 41), -- Nightshade Paolumu
(46, 30, 43), -- Paolumu

-- Área de Tzitzi-Ya-Ku (31)
(47, 31, 9), -- Bazelgeuse
(48, 31, 63), -- Tzitzi-Ya-Ku

-- Ninhos Superiores (32)
(49, 32, 33), -- Kushala Daora
(50, 32, 38), -- Namielle
(51, 32, 68), -- Xenojiiva

-- Área de Great Girros (36)
(52, 36, 27), -- Great Girros
(53, 36, 55), -- Seething Bazelgeuse

-- Área de Odogaron (37)
(54, 37, 20), -- Ebony Odogaron
(55, 37, 42), -- Odogaron

-- Área de Radobaan (38)
(56, 38, 46), -- Radobaan

-- Covil da Morte (39)
(57, 39, 65), -- Vaal Hazak
(58, 39, 13), -- Blackveil Vaal Hazak

-- Área de Nergigante (44)
(59, 44, 40), -- Nergigante
(60, 44, 51), -- Ruiner Nergigante

-- Área de Teostra (45)
(61, 45, 37), -- Lunastra
(62, 45, 60), -- Teostra

-- Área de Vaal Hazak (46)
(63, 46, 65), -- Vaal Hazak
(64, 46, 13), -- Blackveil Vaal Hazak

-- Área de Kushala Daora (47)
(65, 47, 33), -- Kushala Daora

-- Planalto do Ancião (52)
(67, 52, 3), -- Ancient Leshen
(68, 52, 36), -- Leshen
(69, 52, 56), -- Shara Ishvalda

-- Área de Beotodus (53)
(70, 53, 11), -- Beotodus

-- Área de Banbaro (54)
(71, 54, 6),  -- Banbaro

-- Picos Gelados (55)
(72, 55, 7),  -- Barioth
(73, 55, 22), -- Frostfang Barioth
(74, 55, 33), -- Kushala Daora
(75, 55, 35), -- Legiana
(76, 55, 57), -- Shrieking Legiana
(77, 55, 66); -- Velkhana


-- ITENS
INSERT INTO Item (IdItem, Nome, Raridade, Tipo, Funcao, Descricao, ValorVenda, CustoCompra) VALUES
(1, 'Potion', 1, 1, 'Restoration', 'Restores a small amount of health.', 8, 66),
(2, 'Mega Potion', 2, 1, 'Restoration', 'Restores a moderate amount of health.', 16, -1),
(3, 'Max Potion', 3, 1, 'Restoration', 'Fully restores health and maximizes the size of your Health Gauge.', 210, -1),
(4, 'Ancient Potion', 5, 1, 'Restoration', 'Fully restores Health and maximizes the size of your Health and Stamina Gauges.', 345, -1),
(5, 'Antidote', 1, 1, 'Restoration', 'A cure for poison.', 6, 60),
(6, 'Herbal Medicine', 2, 1, 'Restoration', 'Removes all traces of poison and restores a slight amount of health.', 25, -1),
(7, 'Lifepowder', 4, 1, 'Restoration', 'Produces a healing cloud in the area around the user.', 315, -1),
(8, 'Herbal Powder', 4, 1, 'Restoration', 'A mysterious powder that produces a cloud around the area that restores health and neutralizes poison.', 315, -1),
(9, 'Energy Drink', 2, 1, 'Restoration', 'A Guild-approved beverage that boosts your stamina. Helps shake off sleep, too!', 6, -1),
(10, 'Might Seed', 2, 2, 'Enhancement', 'Temporarily strengthens your attacks when ingested by improving energy flow.', 140, -1),
(11, 'Demondrug', 4, 2, 'Enhancement', 'Boosts your attack power by filling you with - guess what? - demonic strength.', 67, -1),
(12, 'Mega Demondrug', 5, 2, 'Enhancement', 'Boosts your attack power even more than a regular Demondrug.', 283, -1),
(13, 'Might Pill', 4, 2, 'Enhancement', 'Temporarily endows you with the strength of a mighty god. Potent!', 280, -1),
(14, 'Adamant Seed', 2, 2, 'Enhancement', 'Temporarily raises your defense when ingested by hardening tissue.', 110, -1),
(15, 'Armorskin', 4, 2, 'Enhancement', 'Boosts your defense by turning your skin as hard as rock.', 58, -1),
(16, 'Mega Armorskin', 5, 2, 'Enhancement', 'Boosts your defense even more than a regular armorskin.', 269, -1),
(17, 'Adamant Pill', 4, 2, 'Enhancement', 'Temporarily makes your skin as hard as adamant. Potent!', 260, -1),
(18, 'Demon Powder', 4, 2, 'Enhancement', 'A mysterious powder that produces a cloud around the area that temporarily strengthens attacks', 315, -1),
(19, 'Hardshell Powder', 4, 2, 'Enhancement', 'A mysterious powder that produces a cloud around the area that temporarily strengthens defense.', 315, -1),
(20, 'Immunizer', 3, 2, 'Enhancement', 'Boosts your natural ability to heal.', 92, -1),
(21, 'Dash Juice', 2, 2, 'Enhancement', 'Dulls ones sense of exhaustion. Reduces stamina depletion for a time.', 29, -1),
(22, 'Cool Drink', 1, 2, 'Enhancement', 'Provides temporary relief from extreme heat.', 30, 300),
(23, 'Hot Drink', 1, 2, 'Enhancement', 'Provides temporary relief from extreme cold.', 25, 250),
(24, 'Powercharm', 5, 2, 'Enhancement', 'An amulet that strengthens attacks. Just carrying this gives you demonic strength.', 3600, 36000),
(25, 'Powertalon', 5, 2, 'Enhancement', 'A charm that strengthens attacks. Its effects are amplified by the dragon parts it contains.', 6840, -1),
(26, 'Armorcharm', 5, 2, 'Enhancement', 'An amulet that increases defense. Just carrying this hardens your skin like stone.', 2400, 24000),
(27, 'Armortalon', 5, 2, 'Enhancement', 'A charm that increases defense. Its effects are amplified by the dragon parts it contains.', 5040, -1),
(28, 'Dash Extract', 4, 3, 'Restoration Materials', 'A mysterious substance culled from certain monsters that increases endurance.', 56, -1),
(29, 'Catalyst', 2, 3, 'Restoration Materials', 'Works with other materials to enhance their effects. Cannot be used by itself.', 48, -1),
(30, 'Honey', 2, 3, 'Restoration Materials', 'Highly nutritious honey. Combine this with Potions to craft Mega Potions for maximum potency.', 45, -1),
(31, 'Raw Meat', 1, 4, 'Meats', 'Meat carved from a monster. Can be cooked, combined, or used to set a trap.', 5, -1),
(32, 'Rare Steak', 1, 4, 'Meats', 'Provides a moderate boost to your Stamina. This ones still red in the middle.', 3, -1),
(33, 'Well-Done Steak', 2, 4, 'Meats', 'Provides a moderate boost to your stamina and keeps it at max for a longer period. Meat done right!', 48, -1),
(34, 'Ration', 1, 4, 'Meats', 'Food that restores a bit of stamina.', 3, -1),
(35, 'Burnt Meat', 1, 4, 'Meats', 'Provides a small boost to your stamina. Can be eaten quickly.', 1, 0),
(36, 'Astera Jerky', 2, 4, 'Meats', 'Juicy, dried meat made by Asteras chef. Boosts natural healing and cures bleeding.', 10, 98),
(37, 'BBQ Spit', 4, 5, 'Fixed Items', 'Just what you need to cook meat. A must-have item for any hungry Hunter.', -1, -1),
(38, 'Whetstone', 4, 5, 'Fixed Items', 'A standard sized whetstone. Used to restore a Weapons sharpness.', -1, -1),
(39, 'Capture Net', 4, 5, 'Fixed Items', 'A net that can be fired from your Slinger. Use it to capture small creatures.', -1, -1),
(40, 'Fishing Rod', 4, 5, 'Fixed Items', 'A tool used for fishing .', -1, -1),
(41, 'Binoculars', 1, 6, 'Tools', 'Allows you to see farther and observe from a distance.', 5, 50),
(42, 'Boomerang', 4, 6, 'Tools', 'An unusually-shaped weapon from abroad that returns to its user when thrown.', 15, 150),
(43, 'Smoke Bomb', 2, 6, 'Tools', 'Creates a large cloud of smoke wherever it lands.', 44, -1),
(44, 'Flash Pod', 2, 6, 'Tools', 'Slinger ammo that flashes brightly on impact. Fire it right under a monsters nose to blind it.', 57, -1),
(45, 'Screamer Pod', 2, 6, 'Tools', 'Used as ammo for your Slinger. Emits a harsh, high-frequency sound that can disrupt sensitive monsters.', 45, -1),
(46, 'Dung Pod', 2, 6, 'Tools', 'Slinger ammo that releases a strong odor on impact. Causes certain monsters to flee.', 20, -1),
(47, 'Dung', 1, 6, 'Tools', 'Exudes a prodigious smell. Used to make ammo for your Slinger called Dung Pods.', 1, -1),
(48, 'Rolled-up Dung', 1, 6, 'Tools', 'A ball of condensed Monster dung. Used to make Dung Pods for your Slinger.', 10, -1),
(50, 'Farcaster', 3, 6, 'Tools', 'Call for a Wingdrake to transport you to the nearest Camp. Can also be used during battles.', 30, -1),
(51, 'Hunter Runestone', 4, 6, 'Tools', 'To the Hunter of Astera. An otherwordly stone gifted by Geralt. Depicts a magic sign for controlling fire.', -1, -1),
(52, 'Banishing Ball', 9, 6, 'Tools', 'Throw this at a large monster to make it leave the Guiding Lands. Guiding Lands leader only.', 40, -1),
(53, 'Trap Tool', 3, 7, 'Traps', 'A must-have item for putting together pitfall traps and other kinds of traps.', 20, 200),
(54, 'Shock Trap', 3, 7, 'Traps', 'A trap that immobilizes a target. Use it to capture monsters.', 160, -1),
(55, 'Pitfall Trap', 3, 7, 'Traps', 'A trap for catching certain large monsters. It is tripped by a heavy weight.', 200, -1),
(56, 'Tranq Bomb', 3, 7, 'Traps', 'A hand grenade used to capture monsters ensnared in traps. Can be slammed against the ground.', 35, -1),
(61, 'Drugged Meat', 2, 7, 'Traps', 'Raw meat that puts whatever eats it to sleep. Makes great bait for traps.', 32, -1),
(62, 'Poisoned Meat', 2, 7, 'Traps', 'Raw meat that poisons whatever eats it. Makes great bait for traps.', 19, -1),
(63, 'Tinged Meat', 2, 7, 'Traps', 'Raw meat that paralyzes whatever eats it. Makes great bait for traps.', 30, -1),
(64, 'Poison Smoke Bomb', 2, 7, 'Traps', 'Releases a toxic cloud of mist when used. Also popular as a household bug bomb.', 60, -1),
(65, 'Gunpowder', 2, 8, 'Bombs', 'A dangerous substance that explodes when struck or heated.', 45, -1),
(66, 'Small Barrel', 1, 8, 'Bombs', 'A small, empty barrel.', 8, 80),
(67, 'Large Barrel', 2, 8, 'Bombs', 'A large, empty barrel. Combine with gunpowder to make it into a bomb.', 21, 210),
(68, 'Barrel Bomb', 2, 8, 'Bombs', 'A small time bomb.', 16, 156),
(69, 'Bounce Bomb', 2, 8, 'Bombs', 'Launches into the air when set. This modified bomb requires skill to use.', 18, 150),
(70, 'Mega Bounce Bomb', 4, 8, 'Bombs', 'An improved version of the bounce bomb. Requires some skill to use.', 68, -1),
(71, 'Large Barrel Bomb', 3, 8, 'Bombs', 'A powerful bomb triggered by external physical impact.', 52, 518),
(72, 'Mega Barrel Bomb', 4, 8, 'Bombs', 'An upgraded large barrel bomb. Effective against large monsters.', 80, -1),
(74, 'Nulberry', 2, 9, 'Plants', 'A mysterious berry that cures various blights.', 120, -1),
(75, 'Might Seed', 2, 9, 'Plants', 'Temporarily strengthens your attacks when ingested by improving energy flow.', 140, -1),
(76, 'Adamant Seed', 2, 9, 'Plants', 'Temporarily raises your defense when ingested by hardening tissue.', 110, -1),
(77, 'Herb', 1, 9, 'Plants', 'A primary ingredient in potions.', 2, -1),
(78, 'Antidote Herb', 1, 9, 'Plants', 'A primary ingredient in antidotes.', 2, -1),
(79, 'Fire Herb', 2, 9, 'Plants', 'A wondrous, flammable plant. Useful for crafting explosives.', 4, -1),
(80, 'Flowfern', 1, 9, 'Plants', 'This plants leaves store a great amount of water. A component for making Water Ammo.', 4, -1),
(81, 'Snow Herb', 2, 9, 'Plants', 'A plant that radiates ice-cold air. Use in combinations to create freeze ammo.', 6, -1),
(82, 'Sleep Herb', 1, 9, 'Plants', 'A plant containing sleeping agents. Used to craft tranquilizers.', 5, -1),
(83, 'Ivy', 1, 9, 'Plants', 'A lightweight and extremely strong plant. Used to make nets for pitfall traps.', 8, -1),
(84, 'Dragonfell Berry', 4, 9, 'Plants', 'A mysterious berry, rumored for eons to be loathed by dragons. Required to craft Dragon Ammo.', 78, -1),
(85, 'Blue Mushroom', 2, 9, 'Plants', 'A mushroom infused with power-enhancing effects. Used in restorative items.', 2, -1),
(86, 'Mandragora', 3, 9, 'Plants', 'A dangerous fungus said to draw the life out of people. Beware. Required to craft Max Potions.', 40, -1),
(87, 'Nitroshroom', 2, 9, 'Plants', 'A hard-to-find mushroom with the power to generate blazing heat. Required to craft Gunpowder.', 6, -1),
(88, 'Devils Blight', 2, 9, 'Plants', 'A very rare fungus that pulses with extreme heat. Add to a barrel bomb for a dramatically stronger blast.', 60, -1),
(89, 'Parashroom', 3, 9, 'Plants', 'A mushroom that induces Paralysis. Required to craft Tranq Bombs.', 15, -1),
(90, 'Toadstool', 2, 9, 'Plants', 'A poisonous fungus. Can be used as a toxin for knives.', 8, -1),
(91, 'Exciteshroom', 3, 9, 'Plants', 'This one has a very strange aroma. Is it edible? Only one way to find out! Required to craft Farcasters.', 18, -1),
(92, 'Chillshroom', 3, 9, 'Plants', 'This mushroom is a primary ingredient in Cool Drinks.', 18, -1),
(93, 'Needleberry', 1, 9, 'Plants', 'A nut covered in needle-like spines. Used to make spread ammo.', 1, -1),
(94, 'Blastnut', 1, 9, 'Plants', 'A nut used to make sticky ammo.', 4, -1),
(95, 'Dragonstrike Nut', 2, 9, 'Plants', 'A nut that explodes on impact. Used to make Wyvern Ammo.', 12, -1),
(96, 'Slashberry', 1, 9, 'Plants', 'Used to make slicing ammo.', 4, -1),
(97, 'Latchberry', 1, 9, 'Plants', 'A nut that bears a spiral groove. Used to make Pierce Ammo.', 4, -1),
(98, 'Bomberry', 2, 9, 'Plants', 'A nut that ruptures on impact. Used to make cluster bombs.', 12, -1),
(99, 'Flamenut', 2, 9, 'Plants', 'Used to make Gunpowder that increases Ammo firepower.', 12, -1),
(100, 'Blazenut', 2, 9, 'Plants', 'Used to make Gunpowder that greatly increases Ammo firepower.', 12, -1),
(101, 'Bitterbug', 1, 10, 'Insects', 'A sharp-tasting bug with innate healing abilities. Used as an ingredient in many medicines.', 2, -1),
(102, 'Flashbug', 2, 10, 'Insects', 'An insect that emits a powerful flash when it dies. Required to craft Flash Pods.', 48, -1),
(103, 'Godbug', 4, 10, 'Insects', 'An insect said to live a millennium. Combine it with other Items to add their properties to the powder.', 120, -1),
(104, 'Thunderbug', 4, 10, 'Insects', 'An insect that emits electricity when struck. Has many applications.', 80, -1),
(105, 'Baitbug', 3, 10, 'Insects', 'An insect used as fishing bait. A fish favorite, it practically races down the nearest gilly gullet.', 2, -1),
(106, 'Arowana Bait', 2, 10, 'Insects', 'A ball of bait favored by fish of the Arowana family.', 15, 150),
(107, 'Gunpowderfish Bait', 2, 10, 'Insects', 'A ball of bait favored by fish of the Gunpowderfish family.', 15, 150),
(108, 'Goldenfish Bait', 2, 10, 'Insects', 'A ball of bait favored by fish of the Goldenfish family.', 30, 300),
(109, 'Whetfish Fin', 2, 11, 'Fish', 'A fish fin used to sharpen Weapons. Restores Sharpness greatly, but good for fewer uses than a Whetstone.', 45, -1),
(110, 'Burst Arowana Scale', 2, 11, 'Fish', 'The scales of a Burst Arowana. Combine with Fire Herb to make a large amount of level 2 Gunpowder.', 45, -1),
(111, 'Great Burst Arowana Scale', 4, 11, 'Fish', 'The scales of a Great Burst Arowana. Combine with Fire Herb to make a vast amount of level 2 Gunpowder.', 45, -1),
(112, 'Bomb Arowana Scale', 2, 11, 'Fish', 'Collected from a burst arowana', -1, -1),
(113, 'Great Bomb Arowana Scale', 4, 11, 'Fish', 'The scales of a Great Bomb Arowana. Combine with fire herb to make a vast amount of Lv3 gunpowder.', 135, -1),
(114, 'Sushifish Scale', 2, 11, 'Fish', 'A scale from a Sushifish. Eat to restore a small amount of health. Also works to treat bleeding.', 45, -1),
(115, 'Great Sushifish Scale', 4, 11, 'Fish', 'Scale from a Great Sushifish. Eat to get large health boost, a natural healing boost, and treat bleeding.', 45, -1),
(116, 'Gunpowderfish Scale', 3, 11, 'Fish', 'Description goes here.', 150, -1),
(117, 'Great Gunpowderfish Scale', 4, 11, 'Fish', 'Description goes here.', 150, -1),
(118, 'Gunpowder Level 2', 2, 12, 'Bowgun Ammo', 'Combustible powder. Combine with level 1 ammo to raise its level.', 1, 16),
(119, 'Gunpowder Level 3', 2, 12, 'Bowgun Ammo', 'Highly combustible powder. Combine with level 1 ammo to raise its level.', 3, 30),
(120, 'Normal Ammo', 1, 12, 'Bowgun Ammo', 'Ammo for Novices. Gets the job done, but doesns pack much oomph.', -1, 0),
(121, 'Pierce Ammo', 1, 12, 'Bowgun Ammo', 'Armor-piercing ammo that deals multiple hits to some monsters.', -1, 2),
(122, 'Spread Ammo', 1, 12, 'Bowgun Ammo', 'Ammo that covers a wide area. Deals multiple hits at close range.', 80, 1),
(123, 'Sticky Ammo', 1, 12, 'Bowgun Ammo', 'Powerful ammo that lodges in a target and explodes. Also stuns.', 9, 2),
(124, 'Recover Ammo', 1, 12, 'Bowgun Ammo', 'Ammo that restores a small amount of health to an ally upon impact.', 12, 2),
(125, 'Cluster Bomb', 1, 12, 'Bowgun Ammo', 'Ammo that fragments into three shells upon impact. Beware of friendly fire!', 3, 6),
(126, 'Poison Ammo', 1, 12, 'Bowgun Ammo', 'Poisons a target, but may require several shots.', 12, 2),
(127, 'Paralysis Ammo', 1, 12, 'Bowgun Ammo', 'Ammo that causes paralysis. Some targets require multiple shots.', 12, 3),
(128, 'Sleep Ammo', 1, 12, 'Bowgun Ammo', 'Ammo that induces sleep. Some targets require multiple shots.', 12, 2),
(129, 'Exhaust Ammo', 1, 12, 'Bowgun Ammo', 'Ammo that drains a monsters stamina.', 12, 2),
(130, 'Flaming Ammo', 2, 12, 'Bowgun Ammo', 'Ammo that packs a punch against monsters susceptible to fire.', 2, 20),
(131, 'Water Ammo', 2, 12, 'Bowgun Ammo', 'Ammo that packs a punch against monsters susceptible to water.', 2, 20),
(132, 'Freeze Ammo', 2, 12, 'Bowgun Ammo', 'Ammo that packs a punch against monsters susceptible to ice.', 2, 20),
(133, 'Thunder Ammo', 2, 12, 'Bowgun Ammo', 'Ammo that packs a punch against monsters susceptible to thunder.', 2, 20),
(134, 'Dragon Ammo', 3, 12, 'Bowgun Ammo', 'Elderseal-imbued ammo that packs a punch against monsters weak to dragon.', 10, -1),
(135, 'Slicing Ammo', 2, 12, 'Bowgun Ammo', 'Ammo that ejects sharp blades on impact, which can sever tails.', 3, 12),
(137, 'Demon Ammo', 4, 12, 'Bowgun Ammo', 'Ammo that fills the target with savage amounts of strength.', 9, -1),
(138, 'Armor Ammo', 4, 12, 'Bowgun Ammo', 'Ammo that makes the targets skin as hard as stone.', 7, -1),
(139, 'Tranq Ammo', 3, 12, 'Bowgun Ammo', 'Bowgun ammo used to capture monsters ensnared in traps.', 4, 45),
(140, 'Ancient Bone', 4, 13, 'Material', 'A bone used as crafting material. Can be found in bonepiles in the Ancient Forest. Its size provokes a certain primal quality."', 400, -1),
(141, 'Anjanath Fang', 4, 13, 'Material', 'Anjanath material. Obtained by breaking its head. Sharp, used in many weapons.', 830, -1),
(142, 'Anjanath Fang +', 4, 13, 'Material', 'Rare Anjanath material. Obtained by breaking its head. Sharp, used in many weapons.', 830, -1),
(143, 'Anjanath Gem', 7, 13, 'Material', 'A rare gem said to have formed within Anjanath tissue. Used to dramatically improve gear.', 6000, -1),
(144, 'Ace Hunter Coin', 8, 13, 'Material', 'Ace Hunter Coin is a rare 8 item/material found in Monster Hunter World', 20000, -1),
(145, 'Advanced Armor Sphere', 6, 13, 'Material', 'Reacts uniquely to heat. Fuse this to armor to improve it.', 300, -1),
(146, 'Anjanath Nosebone', 4, 13, 'Material', 'Anjanath material. Obtained by breaking its head. Sharp, used in many weapons.', 830, -1),
(147, 'Anjanath Nosebone +', 4, 13, 'Material', 'Anjanath material. Obtained by breaking its head. Sharp, used in many weapons.', 830, -1),
(148, 'Anjanath Pelt', 4, 13, 'Material', 'Anjanath material. Obtained by breaking its head. Sharp, used in many weapons.', 830, -1),
(149, 'Anjanath Pelt +', 4, 13, 'Material', 'Rare Anjanath material. Mostly obtained as a reward. Highly heat-resistant, used to craft gear.', 830, -1),
(150, 'Anjanath Plate', 5, 13, 'Material', 'Anjanath material. A valuable find, used to fortify gear. Said to be quite hard to come by.', 2400, -1),
(151, 'Adamant Seed', 2, 13, 'Material', 'Temporarily raises your defense when ingested by hardening tissue.', 110, -1),
(152, 'Anjanath Scale', 4, 13, 'Material', 'Anjanath material. Mostly obtained by carving. Broadly used for many purposes', 430, -1),
(153, 'Anjanath Scale +', 4, 13, 'Material', 'Anjanath material. Mostly obtained by carving. Broadly used for many purposes', 430, -1),
(154, 'Anjanath Tail', 4, 13, 'Material', 'Anjanath material. Obtained by carving its severed tail. Stiff , used to craft gear.', 860, -1),
(155, 'Antidote', 1, 13, 'Material', 'A cure for poison.', 6, 60),
(156, 'Antidote Herb', 1, 13, 'Material', 'A primary ingredient in antidotes.', 2, -1),
(157, 'Aqua Sac', 4, 13, 'Material', 'A monster organ designed to hold and preserve water.', 600, -1),
(158, 'Aquacore Ore', 4, 13, 'Material', 'A valuable mineral used to create charms. Gives off a vibrant glow that mirrors the ocean.', 400, -1),
(159, 'Armor Sphere', 4, 13, 'Material', 'Reacts uniquely to heat. Fuse this to armor to improve it by a tiny amount', 80, -1),
(160, 'Armor Sphere +', 5, 13, 'Material', 'Reacts uniquely to heat. Fuse this to armor to improve it by a small amount.', 200, -1),
(161, 'Astera Jerky', 2, 13, 'Material', 'Juicy, dried meat made by Asteras chef. Boosts natural healing and cures bleeding.', 10, 98),
(162, 'Attack Jewel', 7, 13, 'Material', 'A decoration that enhances the Attack Boost skill.', 400, 0),
(163, 'Autumn Harvest Ticket', 6, 13, 'Material', 'A ticket you receive for attending the Autumn Harvest Fest. Can be exchanged for special equipment or fireworks.', 200, -1),
(164, 'Azure Rathalos Carapace', 6, 13, 'Material', 'Rare Azure Rathalos material. Mostly obtained as a reward. Solid, used to craft gear.', 2150, -1),
(165, 'Azure Rathalos Scale +', 6, 13, 'Material', 'Rare Azure Rathalos material. Mostly obtained by carving. Broadly used for many purposes', 1450, -1),
(166, 'Azure Rathalos Tail', 6, 13, 'Material', 'Rare Azure Rathalos material. Obtained by carving its severed tail. Compatible with fire element.', 3000, -1),
(167, 'Azure Rathalos Wing', 6, 13, 'Material', 'Rare Azure Rathalos material. Obtained by breaking its wings. Supple, used to craft gear.', 2850, -1),
(169, 'Baitbug', 3, 13, 'Material', 'An insect used as fishing bait. A fish favorite, it practically races down the nearest gilly gullet.', 2, -1),
(170, 'Barnos Talon', 6, 13, 'Material', 'Rare Barnos material. Obtained by carving. Unusual, used in select gear.', 820, -1),
(171, 'Barnos Hide +', 6, 13, 'Material', 'Rare Barnos material. Obtained by carving. Supple, used to craft gear', 720, -1),
(172, 'Barroth Carapace', -1, 13, 'Material', 'Rare Barroth Material. Mostly obtained by carving. Broadly used for many purposes.', -1, -1),
(173, 'Barroth Coin', -1, 13, 'Material', 'Description goes here.', -1, -1),
(175, 'Barroth Claw +', 6, 13, 'Material', 'Rare Barroth material. Obtained by breaking its forelimbs. Hardy, used in many weapons.', 1670, -1),
(176, 'Barroth Ridge', 4, 13, 'Material', 'Barroth material. Mostly obtained as a reward. Solid, used to craft gear.', 480, -1),
(177, 'Barroth Ridge +', 6, 13, 'Material', 'Rare Barroth material. Mostly obtained as a reward. Solid, used to craft gear.', 1270, -1),
(178, 'Barroth Scalp', 4, 13, 'Material', 'Barroth material. Obtained by breaking its scalp. Tough, used in many weapons.', 870, -1),
(179, 'Barroth Shell', 4, 13, 'Material', 'Barroth Material. Mostly obtained by carving. Broadly used for many purposes', 330, -1),
(180, 'Barroth Tail', 4, 13, 'Material', 'Barroth material. Obtained by carving its severed tail. Stiff, used to craft gear.', 800, -1),
(181, 'Bazelgeuse Carapace', -1, 13, 'Material', 'Description goes here.', -1, -1),
(182, 'Bazelgeuse Fuse', -1, 13, 'Material', 'Rare Bazelgeuse material. Obtained by breaking its head. Grants blast element properties.', -1, -1),
(183, 'Bazelgeuse Gem', -1, 13, 'Material', 'A rare gem said to have formed within Bazelgeuse tissue. Used to dramatically improve gear.', -1, -1),
(184, 'Bazelgeuse Scale +', 6, 13, 'Material', 'Rare Bazelgeuse material. Mostly obtained by carving. Broadly used for many purposes', 1600, -1),
(185, 'Bazelgeuse Tail', -1, 13, 'Material', 'Rare Bazelgeuse material. Obtained by carving its severed tail. Stiff, used to craft gear.', -1, -1),
(186, 'Bazelgeuse Talon', 6, 13, 'Material', 'Rare Bazelgeuse material. Mostly obtained by carving. Compatible with blast element.', 3200, -1),
(187, 'Bazelgeuse Wing', -1, 13, 'Material', 'Description goes here.', -1, -1),
(188, 'Banuk Warrior Symbol', 10, 13, 'Material', 'Given to warriors who can boast of braving the Frozen Wilds. Allows you to craft special equipment.', 800, -1),
(189, 'Behemoth Bone', 7, 13, 'Material', 'Rare Behemoth material. Bone so absurdly strong that it can even knock out legendary heroes.', 7000, -1),
(190, 'Behemoth Great Horn', 8, 13, 'Material', 'Rare Behemoth material. The ominous light that this horn emits leaves even the Warriors of Light shaken.', 15000, -1),
(191, 'Behemoth Mane', 7, 13, 'Material', 'Rare Behemoth material. Tinged with magical power that can summon meteors from the heavens."', 8000, -1),
(192, 'Behemoth Shearclaw', 8, 13, 'Material', 'Rare Behemoth material. These claws cut down weaker prey in a single blow.', 10000, -1),
(193, 'Behemoth Tail', 8, 13, 'Material', 'Rare Behemoth material. A thick, muscular tail that sweeps away all threats."', 12000, -1),
(194, 'Bird Wyvern Gem', 7, 13, 'Material', 'A valuable gem that can be harvested from bird wyverns. Said to fetch a high price on the market.', 4000, -1),
(195, 'Bitterbug', 1, 13, 'Material', 'A sharp-tasting bug with innate healing abilities. Used as an ingredient in many medicines.', 2, -1),
(196, 'Black Bandage', -1, 13, 'Material', 'Cloth made from the glossy black hide of a monster. Not obtainable by normal means', -1, -1),
(197, 'Black Diablos Carapace', -1, 13, 'Material', 'Rare Black Diablos material. Mostly obtained by carving Broadly used for many purposes.', -1, -1),
(198, 'Black Diablos Ridge +', -1, 13, 'Material', 'Rare Black Diablos material. Mostly obtained as a reward. Solid , used to craft gear', -1, -1),
(199, 'Black Spiral Horn +', -1, 13, 'Material', 'Rare Black Diablos material. Obtained by breaking its horns. Stout, used in many weapons.', 5700, -1),
(200, 'Blastnut', 1, 13, 'Material', 'A nut used to make sticky ammo.', 4, -1),
(201, 'Blazenut', 2, 13, 'Material', 'Used to make Gunpowder that greatly increases Ammo firepower.', 12, -1),
(202, 'Blos Medulla', 6, 13, 'Material', 'Rare Diablos material. A valuable find, used to fortify gear. Said to be quite hard to come by.', 3040, -1),
(204, 'Blue Mushroom', 2, 13, 'Material', 'A mushroom infused with power-enhancing effects. Used in restorative items.', 2, -1),
(205, 'Boomerang', 4, 13, 'Material', 'An unusually-shaped weapon from abroad that returns to its user when thrown.', 15, 150),
(206, 'Botany Jewel', 5, 13, 'Material', 'A decoration that enhances the Botanist skill.', 100, 0),
(207, 'Brutal Bone', 6, 13, 'Material', 'A bone used as crafting material. Can be found in bonepiles in the Elders Recess. Its size evokes a certain primal quality."', 1200, -1),
(208, 'Brute Coin', 4, 13, 'Material', 'A coin given to those who have bested multiple brute wyverns at the same time in the Arena', 1500, -1),
(209, 'Burnt Meat', 1, 13, 'Material', 'Provides a small boost to your stamina. Can be eaten quickly.', 1, 0),
(211, 'Bomb Pod', -1, 13, 'Material', 'Slinger ammo that explodes on impact.', -1, -1),
(212, 'Bomberry', 2, 13, 'Material', 'A nut that ruptures on impact. Used to make cluster bombs.', 12, -1),
(213, 'Boulder Bone', 4, 13, 'Material', 'A bone used as crafting material. Can be found in bonepiles in the Wildspire Waste. Its size evokes a certain primal quality."', 400, -1),
(215, 'Carbalite Ore', 6, 13, 'Material', 'Ore obtained from mining outcrops. Still under research, but known to yield highly pure metal."', 680, -1),
(216, 'Coma Sac', 6, 13, 'Material', 'A monster organ that contains dangerous. One whiff can induce a coma', 1600, 0),
(217, 'Commendation', 5, 13, 'Material', 'A ticket awarded for demonstrating courage. Collect them and something wonderful may happen!', 0, -1),
(218, 'Coral Bone', 4, 13, 'Material', 'A bone used as crafting material. Can be found in bonepiles in the Coral Highlands. Its size evokes a certain primal quality."', 800, -1),
(219, 'Coral Crystal', 4, 13, 'Material', 'Crystal prized at the Smithy for use in high-grade abrasives. Mainly found in the Coral Highlands.', 600, -1),
(220, 'Coldblooded Icefang', 10, 13, 'Material', 'Very rare Barioth material. The Guiding Lands energy fortifies the monsters living there.', 3000, -1),
(221, 'Daora Carapace', -1, 13, 'Material', 'Rare Kushala Daora material. Mostly obtained as a reward. Solid, used to craft gear.', -1, -1),
(222, 'Daora Claw +', -1, 13, 'Material', 'Rare Kushala Daora material. Mostly obtained by carving. Imbued with potent ice element.', -1, -1),
(223, 'Daora Dragonscale +', -1, 13, 'Material', 'Rare Kushala Daora material. Mostly obtained by carving. Broadly used for many purposes', -1, -1),
(224, 'Daora Gem', -1, 13, 'Material', 'A rare gem said to have formed within Kushala Daora tissue. Holds untold potential.', -1, -1),
(226, 'Daora Tail', 7, 13, 'Material', 'Rare Kushala Daora material. Obtained by carving its severed tail. Stiff, used to craft gear.', 480, -1),
(227, 'Daora Webbing', -1, 13, 'Material', 'Rare Kushala Daora material. Obtained by breaking its wings. Lightweight, used to craft gear.', -1, -1),
(228, 'Deceased Scale', -1, 13, 'Material', 'Rare Vaal Hazak material. Mostly obtained by carving. Broadly used for many purposes.', -1, -1),
(229, 'Devils Blight', 2, 13, 'Material', 'A very rare fungus that pulses with extreme heat. Add to a barrel bomb for a dramatically stronger blast.', 60, -1),
(230, 'Diablos Carapace', -1, 13, 'Material', 'Rare Diablos material. Mostly obtained by carving. Broadly used for many purposes.', -1, -1),
(231, 'Diablos Fang', 4, 13, 'Material', 'Diablos material. Mostly obtained by carving. Sharp, used in many weapons.', 1120, -1),
(232, 'Diablos Marrow', 4, 13, 'Material', 'Diablos material. A valuable find, used to fortify gear. Said to be quite hard to come by.', 1480, 0),
(233, 'Diablos Ridge', 4, 13, 'Material', 'Diablos material. Mostly obtained as a reward. Solid, used to craft gear.', 870, 0),
(234, 'Diablos Shell', 4, 13, 'Material', 'Diablos material. Mostly obtained by carving. Broadly used for many purposes.', 620, -1),
(235, 'Diablos Tailcase', 4, 13, 'Material', 'Diablos material. Obtained by carving its severed tail. Sturdy, but difficult to handle.', 1240, 0),
(236, 'Dodogama Hide +', -1, 13, 'Material', 'Rare Dodogama material. Mostly obtained as a reward. Supple , used to craft gear.', -1, -1),
(237, 'Dodogama Jaw', -1, 13, 'Material', 'Rare Dodogama material. Obtained by breaking its head. Unusual and difficult to handle', -1, -1),
(238, 'Dodogama Scale +', -1, 13, 'Material', 'Rare Dodogama material. Mostly obtained by carving. Broadly used for many purposes.', -1, -1),
(239, 'Dodogama Tail', -1, 13, 'Material', 'Rare Dodogama material. Obtained by carving its severed tail. Tough, used in many weapons.', -1, -1),
(240, 'Dodogama Talon', -1, 13, 'Material', 'Rare Dodogama material. Obtained by breaking its forelegs. Heavy, used to craft armor.', -1, -1),
(241, 'Dragon Treasure', -1, 13, 'Material', 'Description goes here.', -1, -1),
(242, 'Dragoncore Ore', 8, 13, 'Material', 'A valuable mineral used to create charms. Gives off a mysterious glow that grants the holder sagely wisdom.', 2000, -1),
(243, 'Dragonfell Berry', 4, 13, 'Material', 'A mysterious berry, rumored for eons to be loathed by dragons. Required to craft Dragon Ammo.', 78, -1),
(244, 'Dragonscorched Wildbone', 10, 13, 'Material', 'Bone obtained in the Guiding Lands volcanic region. Its curious form suggests untold potential.', 1600, -1),
(247, 'Dragonbone Relic', 7, 13, 'Material', 'A high quality material found in bone piles. The only remains left of a species of dragon now lost to time.', 1600, -1),
(248, 'Dragonite Ore', 4, 13, 'Material', 'An ore that yields metal superior to that of Machalite. Invaluable for making durable armor.', 480, 0),
(249, 'Dragonstrike Nut', 2, 13, 'Material', 'A nut that explodes on impact. Used to make Wyvern Ammo.', 12, -1),
(250, 'Dragonvein Crystal', 6, 13, 'Material', 'Mined from high rank areas. Many expect this newly-discovered crystal to usher in a new era of metalwork.', 800, -1),
(251, 'Dreamcore Ore', 7, 13, 'Material', 'A valuable mineral used to create charms. Gives off a blazing glow reminiscent of a bonfire.', 1200, -1),
(253, 'Dung', 1, 13, 'Material', 'Exudes a prodigious smell. Used to make ammo for your Slinger called Dung Pods.', 1, -1),
(254, 'Earth Crystal', 4, 13, 'Material', 'Crystallized microbes prized as an abrasive when forging weapons. Mainly found in the Wildspire Waste.', 80, 0),
(255, 'Elder Dragon Blood', 7, 13, 'Material', 'Contains an unknown compound. The object of much scholarly research.', 1600, -1),
(256, 'Elder Dragon Bone', 7, 13, 'Material', 'A bone from an Elder Dragon. It exudes the great majesty of the beast that bore it.', 1600, 0),
(257, 'Electro Sac', 4, 13, 'Material', 'A monster organ that can store up electricity, which is released on impact.', 1000, -1),
(259, 'Empty Phial', 1, 13, 'Material', 'A regularly old empty phial. Nothing more, nothing less.', 1, 5),
(260, 'Enchanting Finehide', 11, 13, 'Material', 'Very rare Namielle material. The Guiding Lands energy fortifies the monsters living there.', 4000, -1),
(261, 'Eternal Regrowth Plate', 11, 13, 'Material', 'Very rare Ruiner Nergigante material. Obtained by collecting rare drops. Unusual, used to craft gear.', 6860, -1),
(262, 'Exciteshroom', 3, 13, 'Material', 'This one has a very strange aroma. Is it edible? Only one way to find out! Required to craft Farcasters.', 18, -1),
(263, 'Fertile Mud', 4, 13, 'Material', 'Barroth material. Obtained by breaking its mud covering. Unusual, used in select gear.', 390, 0),
(264, 'Fire Dragonscale +', 7, 13, 'Material', 'Rare Teostra material. Mostly obtained by carving. Broadly used for many purposes.', 2300, -1),
(265, 'Fire Herb', 2, 13, 'Material', 'A wondrous, flammable plant. Useful for crafting explosives.', 4, -1),
(266, 'Firecell Stone', 7, 13, 'Material', 'A magma-like deposit that only trained hands can work with. Armor made from it is first-class."', 1720, -1),
(267, 'First Wyverian Print', 4, 13, 'Material', 'A ticket with a handprint, used by the First Wyverians. You can exchange it for items at the Melding Pot.', 0, -1),
(268, 'Flame Sac', 4, 13, 'Material', 'A monster organ filled with flammable powder. Handle with extreme care.', 800, -1),
(269, 'Flamenut', 2, 13, 'Material', 'Used to make Gunpowder that increases Ammo firepower.', 12, -1),
(270, 'Flashbug', 2, 13, 'Material', 'An insect that emits a powerful flash when it dies. Required to craft Flash Pods.', 48, -1),
(271, 'Flowfern', 1, 13, 'Material', 'This plants leaves store a great amount of water. A component for making Water Ammo.', 4, -1),
(272, 'Flying Coin', 4, 13, 'Material', 'A coin given to those who have bested multiple flying Wyverns at the same time in the Arena', 1500, -1),
(274, 'Freezer Sac', 6, 13, 'Material', 'A monster organ with tremendous freezing power. Turns its surroundings to ice', 2400, -1),
(275, 'Frost Sac', 4, 13, 'Material', 'A monster internal organ, filled with extremely low temperature fluid. Handle with care.', 1000, -1),
(277, 'Gajau Scale', 6, 13, 'Material', 'Rare Gajau material. Obtained by carving. Water resistant, used to craft gear.', 420, -1),
(278, 'Gajau Skin', 4, 13, 'Material', 'Gajau material. Obtained by carving. Water-resistant, used to craft gear.', 220, -1),
(279, 'Gajau Whisker', 4, 13, 'Material', 'Gajau material Obtained by carving. Hardy, used to craft gear.', 270, -1),
(280, 'Gama Coin', 4, 13, 'Material', 'A coin given to those who bested a Dodogama in the Arena.', 800, -1),
(281, 'Gastodon Carapace', -1, 13, 'Material', 'Rare Gastodon material. Obtained by carving. Sturdy , used to craft gear.', -1, -1),
(282, 'Gastodon Horn', -1, 13, 'Material', 'Rare Gastodon material. Obtained by carving. Unusual, used in select gear.', -1, -1),
(283, 'Gastodon Tuna', -1, 13, 'Material', 'Description goes here.', -1, -1),
(284, 'Great Sushifish Scale', 4, 13, 'Material', 'Scale from a Great Sushifish. Eat to get large health boost, a natural healing boost, and treat bleeding.', 45, -1),
(285, 'Girros Hide', 4, 13, 'Material', 'Girros material. Obtained by carving. Supple, used to crafting gear.', 300, -1),
(286, 'Girros Hide +', 6, 13, 'Material', 'Rare Girros material. Obtained by carving. Supple, used to crafting gear.', 520, -1),
(287, 'Girros Fang', 4, 13, 'Material', 'Girros material. Obtained by carving. Grants paralytic properties.', 260, -1),
(288, 'Girros Scale', 4, 13, 'Material', 'Girros material. Obtained by carving. Used for many purposes.', 240, -1),
(289, 'Girros Scale +', 6, 13, 'Material', 'Rare Girros material. Obtained by carving. Used for many purposes', 460, -1),
(290, 'Gilded Scale', -1, 13, 'Material', 'The scales of a Goldenfry. Used by artisans in their crafts. (Trade-in Item)', 500, -1),
(291, 'Gilded Scale +', -1, 13, 'Material', 'The scales of a Great Goldenfry. Used in the very finest of cras.(Trade-in Item)', -1, -1),
(292, 'Glutton Tuna', -1, 13, 'Material', 'Description goes here.', -1, -1),
(293, 'Glossy Ebonshell', 10, 13, 'Material', 'Very rare Brachydios material. The Guiding Lands energy fortifies the monsters living there.', 300, -1),
(294, 'Godbug', 4, 13, 'Material', 'An insect said to live a millennium. Combine it with other Items to add their properties to the powder.', 120, -1),
(296, 'Golden Egg', 4, 13, 'Material', 'An egg of glittering gold. Super valuable and rare, but of no use to a hunter. (Trade-in Item)', 20000, -1),
(297, 'Golden Scale', -1, 13, 'Material', 'The scales of a Goldenfish. They shimmer like only pure gold can. (Trade-in Item)', 1000, -1),
(298, 'Golden Scale +', 5, 13, 'Material', 'The scales of a Great Goldenfish. Trades at the same price as actual gold. (Trade-in Item)', 10000, -1),
(299, 'Gold Rajang Pelt +', 11, 13, 'Material', 'Very rare Rajang material. Hard to obtain, but greatly increases the effectiveness of equipment.', 21000, -1),
(300, 'Great Girros Fang', 4, 13, 'Material', 'Great Girros material. Obtained by breaking its head. Grants paralytic properties.', 750, 0),
(301, 'Great Girros Hide', 4, 13, 'Material', 'Great Girros material. Mostly obtained as a reward. Supple, used to craft gear.', 650, -1),
(302, 'Great Girros Hide +', 6, 13, 'Material', 'Great Girros material. Mostly obtained as a reward. Supple, used to craft gear.', 1560, -1),
(303, 'Great Girros Hood', 4, 13, 'Material', 'Great Girros material. Obtained by breaking its head. Unusual and difficult to handle.', 950, -1),
(304, 'Great Girros Hood +', -1, 13, 'Material', 'Rare Great Girros material. Obtained by breaking its head. Unusual, used in select gear.', -1, -1),
(305, 'Great Girros Scale', 4, 13, 'Material', 'Great Girros material. Mostly obtained by carving. Broadly used for many purposes.', 450, -1),
(306, 'Great Girros Tail', 4, 13, 'Material', 'Great Girros material. Obtained by breaking its head. Sharp, used in many weapons.', 830, -1),
(307, 'Great Hornfly', 5, 13, 'Material', 'Discovered by Botanical Research. An insect with a giant horn, massive shell, and butterfly-like wings."', 200, -1),
(308, 'Great Jagras Claw +', 6, 13, 'Material', 'Rare Great Jagras material. Obtained by breaking its forelegs. Sharp used in many weapons.', 1620, 0),
(309, 'Great Jagras Claw', 4, 13, 'Material', 'Great Jagras material. Obtained by breaking its forelegs. Sharp, used in many weapons.', 420, -1),
(310, 'Great Jagras Hide +', 6, 13, 'Material', 'Rare Great Jagras material. Mostly obtained by carving. Supple, used to craft gear', 1220, 0),
(311, 'Great Jagras Hide', 4, 13, 'Material', 'Great Jagras material. Mostly obtained as a reward. Broadly used for many purposes', 360, -1),
(312, 'Great Jagras Mane', 4, 13, 'Material', 'Great Jagras material. Obtained by breaking its head. Used for many purposes.', 440, 0),
(313, 'Great Jagras Scale', 4, 13, 'Material', 'Great Jagras material. Mostly obtained by carving. Broadly used for many purposes', 260, 0),
(314, 'Great Jagras Scale +', 6, 13, 'Material', 'Great Jagras material. Mostly obtained by carving. Broadly used for many purposes', 860, 0),
(315, 'Great Spiritvein Gem', 11, 13, 'Material', 'Gem obtained from tempered monsters in the Guiding Lands. Rife with power from the dawn of creation.', 21000, -1),
(316, 'Gunpowder Level 2', 2, 13, 'Material', 'Combustible powder. Combine with level 1 ammo to raise its level.', 1, 16),
(317, 'Gunpowder Level 3', 2, 13, 'Material', 'Highly combustible powder. Combine with level 1 ammo to raise its level.', 3, 30),
(319, 'Guiding Rime Crystal', 11, 13, 'Material', 'Ore obtained in the Guiding Lands tundra region. A massive crystal formed by miraculous earthen energy.', 2000, -1),
(320, 'Great Gunpowderfish Scale', 4, 13, 'Material', 'Description goes here.', 150, -1),
(321, 'Hard Armor Sphere', 7, 13, 'Material', 'Reacts uniquely to heat. Fuse this to armor to significantly improve it.', 400, -1),
(322, 'Hardshell Powder', 4, 13, 'Material', 'A mysterious powder that produces a cloud around the area that temporarily strengthens defense.', 315, -1),
(325, 'Heavy Armor Sphere', 8, 13, 'Material', 'Reacts uniquely to heat. Fuse this to armor to greatly improve it.', 600, -1),
(326, 'Herb', 1, 13, 'Material', 'A primary ingredient in potions.', 2, -1),
(327, 'Herbivore Egg', -1, 13, 'Material', 'An Herbivore Egg. Deliver it back to camp. If you can...', -1, -1),
(328, 'Heros Streamstone: Sword', 8, 13, 'Material', 'A material used by legendary heroes. Used to bring out the hidden power in long swords and great swords.', 20000, -1),
(329, 'Heros Streamstone: Blade', 8, 13, 'Material', 'A material used by legendary heroes. Used to bring out the hidden power in swords and shields and dual blades.', 20000, -1),
(330, 'Heros Streamstone: Hammer', 8, 13, 'Material', 'A material used by legendary heroes. Used to bring out the hidden power in hammers and hunting horns.', 20000, -1),
(331, 'Heros Streamstone: Lance', 8, 13, 'Material', 'A material used by legendary heroes. Used to bring out the hidden power in lances and gunlances.', 20000, -1),
(332, 'Heros Streamstone: Axe', 8, 13, 'Material', 'A material used by legendary heroes. Used to bring out the hidden power in switch axes and charge blades.', 20000, -1),
(333, 'Heros Streamstone: Shaft', 8, 13, 'Material', 'A material used by legendary heroes. Used to bring out the hidden power in insect glaives and bow', 20000, -1),
(334, 'Heros Streamstone: Ranged', 8, 13, 'Material', 'A material used by legendary heroes. Used to bring out the hidden power in light bowguns and heavy bowguns', 20000, -1),
(335, 'High Commendation', 7, 13, 'Material', 'A ticket awarded for demonstrating tremendous courage. Collect them and something wonderful may happen!', 0, -1),
(336, 'High Quality Pelt', -1, 13, 'Material', 'Rare pelt from a small animal. Feels wonderful to the touch and valued highly by the commission.', -1, -1),
(337, 'Honey', 2, 13, 'Material', 'Highly nutritious honey. Combine this with Potions to craft Mega Potions for maximum potency.', 45, -1),
(338, 'Hornetaur Carapace', 6, 13, 'Material', 'Rare Hornetaur material. Obtained by carving. Used for many purposes.', 560, 0),
(339, 'Hornetaur Head', 4, 13, 'Material', 'Hornetaur material. Obtained by carving. Unusual, used in select gear.', 360, 0),
(340, 'Hornetaur Innerwing', 6, 13, 'Material', 'Rare Hornetaur material. Obtained by carving. Light and sharp, used in many weapons.', -1, -1),
(341, 'Hornetaur Shell', 4, 13, 'Material', 'Hornetaur material. Obtained by carving. Used for many purposes.', 260, 0),
(342, 'Hornetaur Wing', 4, 13, 'Material', 'Hornetaur material.  Obtained by carving.  Used for many purposes.', 310, -1),
(343, 'Hunter King Coin', 6, 13, 'Material', 'A silver coin given to true hunters. It shines with all the glory of the Hunter King.', 1200, -1),
(344, 'Immortal Dragonscale', 7, 13, 'Material', 'Rare Nergigante Material. Mostly obtained by carving. Broadly used for many purposes', 2100, 0),
(345, 'Immortal Shard', 11, 13, 'Material', 'Very rare Ruiner Nergigante material. Mostly obtained by carving. Broadly used for many purposes.', 4360, -1),
(346, 'Inferno Sac', 6, 13, 'Material', 'A monster organ filled with powder that ignites if it so much as touches air. Danger!', 1600, 0),
(347, 'Iron Ore', 4, 13, 'Material', 'Ore that can be smelted into metal and used for many different purposes. 198 Iron Ore are needed in total to craft one of each item its used in.', 60, 0),
(348, 'Ivy', 1, 13, 'Material', 'A lightweight and extremely strong plant. Used to make nets for pitfall traps.', 8, -1),
(349, 'Jagras Hide', 4, 13, 'Material', 'Jagras material. Obtained by carving. Supple, used to craft gear. 10 Jagras Hide are needed in total to craft one of each item its used in.', 180, -1),
(350, 'Jagras Hide +', 6, 13, 'Material', 'Description goes here.', -1, -1),
(351, 'Jagras Scale', 4, 13, 'Material', 'Jagras material. Obtained by carving. Used for many purposes.', 140, -1),
(353, 'Jyuratodus Fang', 4, 13, 'Material', 'Jyuratodus material. Obtained by breaking its head. Sharp, used in many weapons.', 640, 0),
(354, 'Jyuratodus Fang +', 6, 13, 'Material', 'Rare Jyuratodus material. Obtained by breaking its head. Sharp, used in many weapons.', 2040, 0),
(355, 'Jyuratodus Fin', 4, 13, 'Material', 'Jyuratodus material. Obtained by breaking its back. Used for many purposes.', 720, -1),
(356, 'Jyuratodus Fin +', 6, 13, 'Material', 'Rare Jyuratodus material. Obtained by breaking its back. Used for many purposes.', 2120, 0),
(357, 'Jyuratodus Scale', 4, 13, 'Material', 'Jyuratodus material. Mostly obtained by carving. Used for many purposes.', 340, 0),
(358, 'Jyuratodus Scale +', 6, 13, 'Material', 'Rare Jyuratodus material. Mostly obtained by carving. Used for many purposes.', 1040, 0),
(359, 'Jyuratodus Shell', 4, 13, 'Material', 'Jyuratodus material. Mostly obtained as a reward. Hardy, used to craft gear.', 490, 0),
(360, 'Kelbi Horn', 4, 13, 'Material', 'Infusions of powdered Kelbi horn work wonders on stomachaches.', 52, -1),
(361, 'Kestodon Carapace', 4, 13, 'Material', 'Kestodon material. Obtained by carving. Sturdy, used to craft gear.', 180, 0),
(362, 'Kestodon Scalp', 4, 13, 'Material', 'Kestodon material. Obtained by carving. Unusual, used in selected gear.', 230, 0),
(363, 'Kestodon Shell', 4, 13, 'Material', 'Kestodon material. Obtained by carving. Sturdy, used to craft gear.', 180, 0),
(364, 'Kirin Azure Horn', 7, 13, 'Material', 'Rare Kirin material. Obtained by breaking its horn. Grants thunder element properties.', 3200, -1),
(365, 'Kirin Finehide', 11, 13, 'Material', 'Very Rare Kirin material. Mostly obtained by carving. Broadly used for many purposes.', 4300, -1),
(366, 'Kirin Hide', 4, 13, 'Material', 'Kirin material. Mostly obtained by carving. Broadly used for many purposes.', 750, -1),
(367, 'Kirin Hide +', 7, 13, 'Material', 'Kirin material. Mostly obtained by carving. Broadly used for many purposes', 1630, -1),
(368, 'Kirin Mane', 4, 13, 'Material', 'Kirin material. Mostly obtained by carving. Highly thunder-resistant, used to craft gear.', 1250, -1),
(369, 'Kirin Tail', 4, 13, 'Material', 'Kirin material. Mostly obtained as a reward. Compatible with thunder element.', 1000, -1),
(370, 'Kirin Thunderhorn', 4, 13, 'Material', 'Kirin material. Obtain by breaking its horn. Grants thunder element properties.', 1750, -1),
(371, 'Kirin Thundertail', 7, 13, 'Material', 'Rare Kirin material. Mostly obtained as a reward. Compatible with thunder element.', 2430, -1),
(372, 'Kirin Thundertail +', 11, 13, 'Material', 'Very rare Kirin material. Mostly obtained as a reward. Compatible with thunder element.', 6600, -1),
(374, 'Kulu Coin', 4, 13, 'Material', 'A coin given to those who have bested a Kulu-Ya-Ku in the Arena.', 500, -1),
(375, 'Kulu-Ya-Ku Beak', 4, 13, 'Material', 'Kulu-Ya-Ku material. Mostly obtained by breaking its head. Hard, used in many weapons.', 490, 0),
(376, 'Kulu-Ya-ku Beak +', 6, 13, 'Material', 'Rare Kulu-Ya-Ku material. Obtained by breaking its head. Hard, used in many weapons.', 1660, -1),
(377, 'Kulu-Ya-Ku Hide', 4, 13, 'Material', 'Kulu-Ya-Ku material. Mostly obtained by carving. Supple, often used in gear.', 390, 0),
(378, 'Kulu-Ya-Ku Hide +', 6, 13, 'Material', 'Rare Kulu-Ya-Ku material. Mostly obtained as a reward. Supple, often used in gear.', 1290, -1),
(379, 'Kulu-Ya-Ku Plume', 4, 13, 'Material', 'Kulu-Ya-Ku material. Mostly obtained by breaking its forelimbs. Used for many purposes.', 460, 0),
(380, 'Kulu-Ya-Ku Plume +', 6, 13, 'Material', 'Rare Kulu-Ya-Ku material. Obtained by breaking its forelimbs. Used for many purposes.', 1660, -1),
(381, 'Kulu-Ya-Ku Scale', 4, 13, 'Material', 'Kulu-Ya-Ku material. Mostly obtained as a reward. Broadly used for many purposes.', 290, 0),
(382, 'Kulu-Ya-Ku Scale +', 6, 13, 'Material', 'Rare Kulu-Ya-Ku material. Mostly obtained by carving. Broadly used for many purposes.', 890, -1),
(383, 'Large Barrel', 2, 13, 'Material', 'A large, empty barrel. Combine with gunpowder to make it into a bomb.', 21, 210),
(384, 'Large Wyvern Tear', -1, 13, 'Material', 'Description goes here.', -1, -1),
(385, 'Latchberry', 1, 13, 'Material', 'A nut that bears a spiral groove. Used to make Pierce Ammo.', 4, -1),
(386, 'Lava Nugget', 6, 13, 'Material', 'A rare conglomerate or ore found growing on Uragaan. Comprised of various ores, melted together.', 1580, -1),
(387, 'Lavasioth Carapace', -1, 13, 'Material', 'Description goes here.', -1, -1),
(388, 'Lavasioth Fang +', 6, 13, 'Material', 'Rare Lavasioth material. Obtained by breaking its head. Sharp, used in many weapons', 2480, 0),
(389, 'Lavasioth Fin +', 6, 13, 'Material', 'Rare Lavasioth material. Obtained by breaking its dorsal fin. Used for many purposes.', 2560, 0),
(390, 'Lavasioth Scale +', 6, 13, 'Material', 'Rare Lavasioth material. Mostly obtained by carving. Broadly used for many purposes', 1280, 0),
(391, 'Legiana Claw', 4, 13, 'Material', 'Legiana material. Mostly obtained by carving. Grants ice element properties.', 1040, 0),
(392, 'Legiana Claw +', 6, 13, 'Material', 'Legiana material. Mostly obtained by carving. Grants Ice Element properties.', 2430, -1),
(393, 'Legiana Gem', -1, 13, 'Material', 'A rare gem said to have formed within Legiana tissue. Used to dramatically improve gear.', 7200, -1),
(394, 'Legiana Hide', 4, 13, 'Material', 'Legiana material. Mostly obtained as a reward. Solid, used to craft gear.', 790, 0),
(395, 'Legiana Hide +', 6, 13, 'Material', 'Legiana material. Mostly obtained as a reward. Lightweight, used to craft gear', 1830, -1),
(396, 'Legiana Plate', 5, 13, 'Material', 'Legiana material. A valuable find, used to fortify gear. Said to be quite hard to come by.', 3000, -1),
(397, 'Legiana Scale', 4, 13, 'Material', 'Legiana material. Mostly obtained by carving. Broadly used for many purposes.', 540, -1),
(398, 'Legiana Scale +', 6, 13, 'Material', 'Rare Legiana material. Mostly obtained by carving. Broadly used for many purposes.', 1230, -1),
(399, 'Legiana Tail Webbing', 4, 13, 'Material', 'Legiana material. Obtained by breaking its tail. Supple, used to craft gear.', 1160, 0),
(400, 'Legiana Webbing', 4, 13, 'Material', 'Legiana material. Obtained by breaking its wings. Supple, used to craft gear.', 1080, 0),
(401, 'Legiana Wing', -1, 13, 'Material', 'Description goes here.', -1, -1),
(402, 'Lightcrystal', 5, 13, 'Material', 'A precious and extremely hard substance with a faint glow. Sometimes used for crafting tools.', 1150, 0),
(404, 'Magma Crystal', 9, 13, 'Material', 'Ore obtained in the Guiding Lands volcanic region. Greater underground energy has yielded larger crystals.', 1200, -1),
(405, 'Machalite Ore', 4, 13, 'Material', 'Ore thats more diffcult to procure than Iron Ore. Produces fine metal.', 160, 0),
(406, 'Majestic Horn', 6, 13, 'Material', 'Rare Diablos material. Obtained by breaking its horns. Stout, used in many weapons.', 2980, -1),
(407, 'Mandragora', 3, 13, 'Material', 'A dangerous fungus said to draw the life out of people. Beware. Required to craft Max Potions.', 40, -1),
(408, 'Melted Crystal', 9, 13, 'Material', 'Ore obtained in the Guiding Lands volcanic region. Subterranean energy has caused the ore to crystallize.', 800, -1),
(409, 'Metallic Scute', 10, 13, 'Material', 'Very rare Uragaan material. The Guiding Lands energy fortifies the monsters living there.', 3000, -1),
(410, 'Might Seed', 2, 13, 'Material', 'Temporarily strengthens your attacks when ingested by improving energy flow.', 140, -1),
(411, 'Minegardenite', 7, 13, 'Material', 'An Old World import. Beautiful, but not suitable for craing. (Trade-in Item)', 5000, -1),
(412, 'Monster Bone +', 4, 13, 'Material', 'Bone obtained from large monsters. Hard to obtain, but vital for crafting powerful equipment.', 500, -1),
(413, 'Monster Bone S', 4, 13, 'Material', 'A material found in bonepiles. Indispensable for both hunting and daily life', 30, 0),
(414, 'Monster Bone M', 4, 13, 'Material', 'Bone obtained from large monsters. Hard to work with due to its size, but vital when crafting larger items.', 300, 0),
(415, 'Monster Bone L', 4, 13, 'Material', 'Bone obtained from large monsters. Hard to work with due to its size, but vital when crafting larger items.', 400, 0),
(416, 'Monster Broth', 6, 13, 'Material', 'Material from high rank insects. A rich broth made from only the thickest of monster juices.', 800, 0),
(417, 'Monster Fluid', 4, 13, 'Material', 'Material obtained from small insects. Mixes with insect gastric fluids to form adhesive.', 200, 0),
(418, 'Monster Keenbone', 6, 13, 'Material', 'Bone obtained from high rank large monsters. It has a razor-sharp tip that retains its strength after forging.', 800, 0),
(419, 'Monster HardBone', 6, 13, 'Material', 'Precious bone obtained from high rank large monsters. Their rarity makes them highly sought after', 1200, 0),
(420, 'Mosswine Hide', 4, 13, 'Material', 'A musty hide covered in moss.', 200, 0),
(421, 'Mega Nutrients', 3, 13, 'Material', 'Slightly increases your maximum health level. * Increases Max HP by 20 points(not stackable, up to 150HP(200 with Health Boost 3)).', 92, -1),
(422, 'Needleberry', 1, 13, 'Material', 'A nut covered in needle-like spines. Used to make spread ammo.', 1, -1),
(423, 'Nergigante Carapace', -1, 13, 'Material', 'Description goes here.', -1, -1),
(424, 'Nergigante Cortex', 11, 13, 'Material', 'Very Rare Ruiner Nergigante material. Mostly obtained as a reward . Solid, used to craft gear.', 6680, -1),
(425, 'Nergigante Flail', 11, 13, 'Material', 'Very rare Ruiner Nergigante material. Obtained by carving its severed tail. Stiff, used to craft gear.', 8980, -1),
(426, 'Nergigante Gem', 8, 13, 'Material', 'A rare gem said to have formed within Nergigante tissue. Holds untold potential.', 12000, -1),
(427, 'Nergigante Horn +', 7, 13, 'Material', 'Rare Nergigante Material. Obtained by breaking its horns. Stout, used in many weapons', 5000, -1),
(428, 'Nergigante Hardclaw', 11, 13, 'Material', 'Very rare Ruiner Nergigante material. Mostly obtained by carving. Sharp, used in many weapons.', 9160, -1),
(429, 'Nergigante Regrowth Plate', -1, 13, 'Material', 'Rare Nergigante material. Obtained by collecting rare drops. Unusual, used to craft gear.', -1, -1),
(430, 'Nergigante Tail', 4, 13, 'Material', 'Rare Nergigante material. Obtained by carving its severed tail. Stiff, used to craft gear', 1470, -1),
(431, 'Nergigante Talon', -1, 13, 'Material', 'Rare Nergigante material. Mostly obtained by carving. Sharp, used in many weapons.', -1, -1),
(432, 'Nitroshroom', 2, 13, 'Material', 'A hard-to-find mushroom with the power to generate blazing heat. Required to craft Gunpowder.', 6, -1),
(434, 'Novacrystal', 7, 13, 'Material', 'High quality Lightcrystal. Highly coveted for its rarity, its used for only the finest of metalworking', 2440, 0),
(435, 'Nulberry', 2, 13, 'Material', 'A mysterious berry that cures various blights.', 120, -1),
(436, 'Nutrients', 2, 13, 'Material', 'Very slightly increases your maximum health level. * Increases Max HP by 10 points.', 25, -1),
(437, 'Odogaron Claw', 4, 13, 'Material', 'Odogaron material. Obtained by breaking its forelegs. Sharp, used in many weapons.', 1060, 0),
(438, 'Odogaron Claw +', 6, 13, 'Material', 'Rare Odogaron material. Obtained by breaking its forelegs. Sharp, used in many weapons.', 2440, -1),
(439, 'Odogaron Fang', 4, 13, 'Material', 'Odogaron material. Obtained by breaking its head. Sharp, used in many weapons.', 1120, 0),
(440, 'Odogaron Fang +', 6, 13, 'Material', 'Rare Odogaron material. Obtained by breaking its head. Sharp, used in many weapons.', 2480, -1),
(441, 'Odogaron Gem', -1, 13, 'Material', 'A rare gem said to have formed within Odogaron tissue. Used to dramatically improve gear.', 7200, -1),
(442, 'Odogaron Hardfang', 10, 13, 'Material', 'Very rare Odogaron material. Obtained by breaking its head. Sharp, used in many weapons.', 5900, -1),
(443, 'Odogaron Plate', 5, 13, 'Material', 'Odogaron material. A valuable find, used to fortify gear. Said to be quite hard to come by.', 3000, -1),
(444, 'Odogaron Scale', 4, 13, 'Material', 'Odogaron material. Mostly obtained by carving. Broadly used for many purposes.', 560, 0),
(445, 'Odogaron Scale +', 6, 13, 'Material', 'Rare Odogaron material. Mostly obtained by carving. Broadly used for many purposes.', 1240, -1),
(446, 'Odogaron Sinew', 4, 13, 'Material', 'Odogaron material. Mostly obtained as a reward. Solid, used to craft gear.', 810, 0),
(447, 'Odogaron Sinew +', 6, 13, 'Material', 'Rare Odogaron material. Mostly obtained as a reward. Solid, used to craft gear.', 1480, -1),
(448, 'Odogaron Tail', 4, 13, 'Material', 'Odogaron material. Obtained by carving its severed tail. Stiff, used to craft gear.', 1240, 0),
(449, 'Omniplegia Sac', 6, 13, 'Material', 'A monster organ filled with potent neurotoxins. A single touch can cause paralysis.', 1600, 0),
(450, 'Paolumu Carapace +', 6, 13, 'Material', 'Rare Paolumu material. Obtained by breaking its tail. Used for many purposes', 2140, 0),
(451, 'Paolumu Pelt', 4, 13, 'Material', 'Paolumu material. Mostly obtained as a reward. Broadly used for many purposes.', 650, 0),
(452, 'Paolumu Pelt +', 6, 13, 'Material', 'Rare Paolumu material. Mostly obtained as a reward. Broadly used for many purposes', 1570, -1),
(453, 'Paolumu Scale', 4, 13, 'Material', 'Paolumu material. Mostly obtained by carving. Solid, used to craft gear.', 450, -1),
(454, 'Paolumu Scale +', 6, 13, 'Material', 'Rare Paolumu material. Mostly obtained by carving. Solid, used to craft gear', 1070, -1),
(455, 'Paolumu Shell', 4, 13, 'Material', 'Paolumu material. Obtained by breaking its tail. Used for many purposes.', 950, 0),
(456, 'Paolumu Thickfur', 9, 13, 'Material', 'Very rare Paolumu material. Mostly obtained as a reward. Broadly used for many purposes.', 3240, -1),
(457, 'Paolumu Webbing', 4, 13, 'Material', 'Paolumu material. obtained by breaking its wings. Lightweight, used to craft gear.', 850, 0),
(458, 'Paolumu Wing', 6, 13, 'Material', 'Rare Paolumu material. Obtained by breaking its wings. Lightweight, used to craft gear.', -1, -1),
(459, 'Paralysis Sac', 4, 13, 'Material', 'A monster organ that contains paralyzing neurotoxins.', 800, 0),
(460, 'Parashroom', 3, 13, 'Material', 'A mushroom that induces Paralysis. Required to craft Tranq Bombs.', 15, -1),
(461, 'Pearl Oyster', -1, 13, 'Material', 'Description goes here.', -1, -1),
(462, 'Platinum Scale', -1, 13, 'Material', 'The scales of a Platinumfish. They give off a beautiful gleam. (Trade-in Item)', 2000, -1),
(463, 'Platinum Scale +', -1, 13, 'Material', 'The scales of a Great Platinumfish. Their shine is nigh on blinding. (Trade-in Item)', -1, -1),
(464, 'Piercing Claw', 6, 13, 'Material', 'Material from high rank small fanged wyverns. Sharp enough that it might serve as a makeshift knife.', 800, -1),
(465, 'Pink Rathian Carapace', -1, 13, 'Material', 'Description goes here.', -1, -1),
(466, 'Pink Rathian Scale +', 6, 13, 'Material', 'Rare Pink Rathian material. Mostly obtained by carving. Broadly used for many purposes', 1260, -1),
(468, 'Pinnacle Coin', 4, 13, 'Material', 'A commemorative coin bestowed on hunters who have mastered the craft. The value of its sheen? Priceless.', 800, -1),
(469, 'Poison Sac', 4, 13, 'Material', 'A monster organ that contains a lethal toxin. Handle with extreme care.', 600, -1),
(470, 'Pukei Coin', 4, 13, 'Material', 'A coin given to those who have bested a Pukei-Pukei in the Arena.', 500, -1),
(471, 'Pukei-Pukei Quill', 4, 13, 'Material', 'Pukei-Pukei material. Obtained by breaking its wings. Used for many purposes.', 640, -1),
(472, 'Pukei-Pukei Sac', 4, 13, 'Material', 'Pukei-Pukei material. Obtained by breaking its head. Grants poisonous properties.', 690, -1),
(473, 'Pukei-Pukei Sac +', 4, 13, 'Material', 'Rare Pukei-Pukei material. Obtained by breaking its head. Grants poisonous properties.', 1750, -1),
(474, 'Pukei-Pukei Scale', 4, 13, 'Material', 'Pukei-Pukei material. Obtained by carving. Broadly used for many purposes.', 360, -1),
(475, 'Pukei-Pukei Scale +', 6, 13, 'Material', 'Rare Pukei-Pukei material. Obtained by carving. Broadly used for many purposes.', 950, 0),
(476, 'Pukei-Pukei Shell', 4, 13, 'Material', 'Pukei-Pukei material. Mostly Obtained as a reward. Solid, used to craft gear.', 470, 0),
(477, 'Pukei-Pukei Carapace', 6, 13, 'Material', 'Rare Pukei-Pukei material. Mostly obtained as a reward. Solid, used to craft gear.', 1350, 0),
(478, 'Pukei-Pukei Tail', 4, 13, 'Material', 'Rare Pukei-Pukei material. Obtained by carving its severed tail. Unusual, used to craft gear.', 620, 0),
(479, 'Pukei-Pukei Wing', 6, 13, 'Material', 'Rare Pukei-Pukei material. Obtained by breaking its wings. Used for many purposes.', 1700, -1),
(480, 'Quality Bone', 6, 13, 'Material', 'A bone used as crafting material. Its ease of use and hardness allow it to be shaped into better gear."', 750, -1),
(481, 'Rajang Hardclaw', 11, 13, 'Material', 'Very rare Rajang material. Obtained by breaking its forelimbs. Sharp, used in many weapons.', 9180, -1),
(482, 'Rajang Hardfang', 11, 13, 'Material', 'Very rare Rajang material. Mostly obtained by carving. Sharp, used in many weapons', 8990, -1),
(483, 'Rajang Hardhorn', 11, 13, 'Material', 'Very rare Rajang material. Obtained by breaking its horns. Stout, used in many weapons.', 9370, -1),
(484, 'Rajang Tail', 11, 13, 'Material', 'Very rare Rajang material. Obtained by breaking its tail. Stiff, used to craft gear.', 9750, -1),
(485, 'Rajang Wildpelt', 11, 13, 'Material', 'Very rare Rajang material. Mostly obtained as a reward. Supple, used to craft gear.', 6690, -1),
(486, 'Radobaan Marrow', 4, 13, 'Material', 'Radobaan material. A valuable find, used to fortify gear. Said to be quite hard to come by.', 1120, -1),
(487, 'Radobaan Medulla', -1, 13, 'Material', 'Rare Radobaan material. A valuable find, used to fortify gear. Said to be quite hard to come by.', 2250, -1),
(488, 'Radobaan Oilshell', 4, 13, 'Material', 'Radobaan material. Obtained by carving its severed tail. Impact-resistant, used to craft gear.', 960, -1),
(489, 'Radobaan Scale', 4, 13, 'Material', 'Radobaan material. Mostly obtained by carving. Broadly used for many purposes.', 480, 0),
(490, 'Radobaan Scale +', 6, 13, 'Material', 'Rare Radobaan material. Obtained by carving. Broadly used for many purposes.', 950, 0),
(491, 'Radobaan Shell', 4, 13, 'Material', 'Pukei-Pukei material. Mostly obtained as a reward. Solid, used to craft gear.', 470, 0),
(492, 'Radobaan Carapace', 6, 13, 'Material', 'Rare Radobaan material. Mostly obtained as a reward. Solid, used to craft gear.', 1350, 0),
(493, 'Rath Wingtalon', 4, 13, 'Material', 'Material from Rathian and Rathalos. Obtained by breaking its wings. Sharp, used in many weapons', 1090, 0),
(494, 'Rathalos Carapace', 6, 13, 'Material', 'Description goes here.', 185, -1),
(495, 'Rathalos Coin', 4, 13, 'Material', 'A coin given to those who have bested a Rathalos in the Arena.', 800, -1),
(496, 'Rathalos Marrow', 4, 13, 'Material', 'Rathalos material. Mostly obtained by carving. Grants fire element properties.', 1360, 0),
(497, 'Rathalos Plate', 5, 13, 'Material', 'Rathalos material. A valuable find, used to fortify gear. Said to be quite hard to come by.', 3000, 0),
(498, 'Rathalos Ruby', 7, 13, 'Material', 'A rare gem said to have formed within Rathalos tissue. Almost too nice to use.', 7200, -1),
(499, 'Rathalos Scale', 4, 13, 'Material', 'Rathalos material. Mostly obtained by carving. Broadly used for many purposes.', 590, -1),
(500, 'Rathalos Scale +', 6, 13, 'Material', 'Rare Rathalos material. Mostly obtained by carving. Broadly used for many purposes.', 1250, -1),
(501, 'Rathalos Shell', 4, 13, 'Material', 'Rathalos material. Mostly obtained as a reward. Solid, used to craft gear.', 840, -1),
(502, 'Rathalos Tail', 4, 13, 'Material', 'Rathalos material. Obtained by carving its severed tail. Compatible with fire element.', 1270, -1),
(503, 'Rathalos Webbing', 4, 13, 'Material', 'Rathalos material. Obtained by breaking its wings. Supple, used to craft gear.', 1180, -1),
(504, 'Rathalos Wing', -1, 13, 'Material', 'Description goes here.', -1, -1),
(505, 'Rathian Carapace', 6, 13, 'Material', 'Description goes here.', 1560, -1),
(506, 'Rathian Coin', 4, 13, 'Material', 'A coin given to those who have bested a Rathian in the Arena', 500, -1),
(507, 'Rathian Plate', 5, 13, 'Material', 'Rathian material. A valuable find, used to fortify gear. Said to be quite hard to come by.', 2400, -1),
(508, 'Rathian Ruby', 7, 13, 'Material', 'A rare gem said to have formed within Rathian tissue. Used to dramatically improve gear.', 6000, -1),
(509, 'Rathian Scale', 4, 13, 'Material', 'Rathian material. Mostly obtained by carving. Broadly used for many purposes.', 460, 0),
(510, 'Rathian Scale +', 6, 13, 'Material', 'Rare Rathian material. Mostly obtained by carving. Used broadly for many purposes.', 1060, -1),
(511, 'Rathian Shell', 4, 13, 'Material', 'Rathian material. Mostly obtained as a reward. Solid, used to craft gear.', 660, -1),
(512, 'Rathian Spike', 4, 13, 'Material', 'Rathian material. Obtained by carving its severed tail. Grants poisonous properties.', 980, -1),
(513, 'Rathian Spike +', 6, 13, 'Material', 'Rare Rathian material. Obtained by carving its severed tail. Grants poisonous properties.', 2240, -1),
(514, 'Rathian Webbing', 4, 13, 'Material', 'Rathian material. Obtained by breaking its wings. Supple, used to craft gear.', 860, -1),
(515, 'Raw Meat', 1, 13, 'Material', 'Meat carved from a monster. Can be cooked, combined, or used to set a trap.', 5, -1),
(517, 'Research Commission Ticket', 7, 13, 'Material', 'A ticket issued by the commander to those who have aided the Research Commission. Show it to the Smithy!', 0, -1),
(519, 'Rubbery Shell', 9, 13, 'Material', 'Very rare Paolumu material. The Guiding Lands energy forties the monsters living there.', 2500, -1),
(520, 'Screamer Sac', 2, 13, 'Material', 'Description goes here.', 15, -1),
(521, 'Shamos Hide', 6, 13, 'Material', 'Rare Shamos material. Obtained by carving. Supple, used to craft gear.', 480, 0),
(522, 'Shamos Hide +', 6, 13, 'Material', 'Rare Shamos material. Obtained by carving. Supple, used to craft gear.', 480, 0),
(523, 'Shamos Scale', 4, 13, 'Material', 'Shamos material. Obtained by carving. Used for many purposes.', 220, -1),
(524, 'Shamos Scale +', 6, 13, 'Material', 'Rare Shamos material. Obtained by carving. Used for many purposes.', 420, -1),
(525, 'Sharp Claw', 4, 13, 'Material', 'Obtained from fanged wyverns. Unlike wyvern claws, this is shaped to grip objects. 29 Sharp Claws are needed in total to craft one of each item its used in.', 200, -1),
(526, 'Sinister Cloth', 5, 13, 'Material', 'Suspicious cloth the Tailraider Safari dug up from who-knows-where. Drips with an aura of pure evil."', 350, -1),
(528, 'Simmering Wildbone', 9, 13, 'Material', 'Bone obtained in the Guiding Lands volcanic region. Subterranean energy has altered its material properties.', 800, -1),
(530, 'Slashberry', 1, 13, 'Material', 'Used to make slicing ammo.', 4, -1),
(531, 'Sleep Herb', 1, 13, 'Material', 'A plant containing sleeping agents. Used to craft tranquilizers.', 5, -1),
(532, 'Sleep Sac', 4, 13, 'Material', 'A monster organ that contains a knockout powder capable of inducing sleep.', 800, -1),
(533, 'Small Barrel', 1, 13, 'Material', 'A small, empty barrel.', 8, 80),
(534, 'Small Goldenfish', -1, 13, 'Material', 'Description goes here.', -1, -1),
(535, 'Smokenut', 1, 13, 'Material', 'A nut that produces a copious amount of smoke. Combine with other items to create smoke with various properties. How to get Smokenut This material can be obtained by completing Quests or defeating Monsters.', 4, -1),
(536, 'Snow Herb', 2, 13, 'Material', 'A plant that radiates ice-cold air. Use in combinations to create freeze ammo.', 6, -1),
(537, 'Spider Web', 1, 13, 'Material', 'A very sticky web. Used to craft pitfall traps.', 6, 0),
(538, 'Spiritcore Ore', 6, 13, 'Material', 'A valuable mineral used to create charms. Gives off a warm, sunny glow.', 800, 0),
(539, 'Steel Egg', 4, 13, 'Material', 'An egg of glittering steel. Valuable and rare, but of no use to a hunter. (Trade-in Item)', 1000, -1),
(540, 'Sturdy Bone', 4, 13, 'Material', 'A bone used as crafting material. Can be found in bonepiles in the Coral Highlands and Rotten Vale.', 500, -1),
(541, 'Sushifish Scale', 2, 13, 'Material', 'A scale from a Sushifish. Eat to restore a small amount of health. Also works to treat bleeding.', 45, -1),
(542, 'Tailraider Voucher', 4, 13, 'Material', 'Proof of frendship with the Lynians of the new continent. Show it to the Smithy and see what happens!', 200, -1),
(543, 'Teostra Carapace', -1, 13, 'Material', 'Description goes here.', -1, -1),
(544, 'Teostra Claw +', 7, 13, 'Material', 'Rare Teostra material. Mostly obtained by carving. Sharp, used in many weapons.', 4700, -1),
(545, 'Teostra Gem', 8, 13, 'Material', 'A rare gem said to have formed within Teostra tissue. Within it lies unimaginable power.', 12000, -1),
(546, 'Teostra Horn +', 7, 13, 'Material', 'Rare Teostra material. Obtained by breaking its head. Stout, used in many weapons.', 5500, -1),
(547, 'Teostra Mane', -1, 13, 'Material', 'Description goes here.', -1, -1),
(548, 'Teostra Powder', -1, 13, 'Material', 'Description goes here.', 3600, -1),
(549, 'Teostra Tail', -1, 13, 'Material', 'Description goes here.', -1, -1),
(550, 'Teostra Webbing', 7, 13, 'Material', 'Description goes here.', 4500, -1),
(551, 'Tempered Ebonshell', 10, 13, 'Material', 'Very rare Tempered Brachydios material. A product of the brutal power struggle in the Guiding Lands.', 5000, -1),
(552, 'Tempered Glimmerpelt', 11, 13, 'Material', 'Very rare Tempered Rajang material. A product of the brutal power struggle in the Guiding Lands.', 6800, -1),
(553, 'Tempered Rubbery Shell', 9, 13, 'Material', 'Very rare Tempered Paolumu material. A product of the brutal power struggle in the Guiding Lands.', 4500, -1),
(554, 'Thorn Pod', -1, 13, 'Material', 'Slinger ammo with a thorny husk that sticks to monster hide. Attack it to produce a shock.', -1, -1),
(555, 'Thunder Sac', 3, 13, 'Material', 'A monster organ that can store up large amounts of high voltage electricity.', 1600, -1),
(556, 'Thunderbug', 4, 13, 'Material', 'An insect that emits electricity when struck. Has many applications.', 80, -1),
(557, 'Toadstool', 2, 13, 'Material', 'A poisonous fungus. Can be used as a toxin for knives.', 8, -1),
(558, 'Tobi-Kadachi Claw', 4, 13, 'Material', 'Tobi-Kadachi material. Obtained by breaking its forelimbs. Sharp, used in many weapons.', 660, -1),
(559, 'Tobi-Kadachi Claw +', 6, 13, 'Material', 'Rare Tobi-Kadachi material. Obtained by breaking its forelimbs. Sharp, used in many weapons.', 1650, -1),
(560, 'Tobi-Kadachi Electrode', 4, 13, 'Material', 'Tobi-Kadachi material. Obtained by breaking its head. Grants thunder element properties.', 720, -1),
(561, 'Tobi-Kadachi Electrode +', 6, 13, 'Material', 'Rare Tobi-Kadachi material. Obtained by breaking its head. Grants thunder element properties.', 1750, 0),
(562, 'Tobi-Kadachi Membrane', 4, 13, 'Material', 'Tobi-Kadachi material. Mostly obtained by carving. Supple, used to craft gear.', 800, 0),
(563, 'Tobi-Kadachi Pelt', 4, 13, 'Material', 'Tobi-Kadachi material. Mostly obtained as a reward. Highly thunder-resistant, used to craft gear.', 510, -1),
(564, 'Tobi-Kadachi Pelt +', -1, 13, 'Material', 'Description goes here.', -1, -1),
(565, 'Tobi-Kadachi Scale', 4, 13, 'Material', 'Tobi-Kadachi material. Mostly obtained by carving. Broadly used for many purposes.', 360, -1),
(566, 'Tobi-Kadachi Scale +', 6, 13, 'Material', 'Description goes here.', 1050, -1),
(567, 'Torrent Sac', 6, 13, 'Material', 'A monster organ designed to hold and preserve copious amounts of water.', 1600, -1),
(568, 'Toxin Sac', 6, 13, 'Material', 'A monster Organ filled with an extremely potent toxin. Just touching it is dangerous', 1600, -1),
(569, 'Torch Pod', -1, 13, 'Material', 'Slinger ammo that can be used to scare away small monsters or to illuminate dark areas.', -1, -1),
(570, 'Twisted Horn', 4, 13, 'Material', 'Diablos material. Obtained by breaking its horns. Stout, used in many weapons.', 1360, -1),
(571, 'Twilight Fang', 11, 13, 'Material', 'Very rare Blackveil Vaal Hazak material. The Guiding Lands energy fortifies the monsters living there.', 4000, -1),
(572, 'Tzitzi Coin', -1, 13, 'Material', 'Description goes here.', -1, -1),
(573, 'Tzitzi-Ya-Ku Claw', 4, 13, 'Material', 'Tzitzi-Ya-Ku material. Mostly obtained by carving. Sharp, used in many weapons.', 840, -1),
(574, 'Tzitzi-Ya-Ku Claw +', 6, 13, 'Material', 'Rare Tzitzi-Ya-Ku material. Mostly obtained by carving. Sharp, used in many weapons.', 1640, -1),
(575, 'Tzitzi-Ya-Ku Hide', 4, 13, 'Material', 'Tzitzi-Ya-Ku material. Mostly obtained as a reward. Supple, used to craft gear.', 640, 0),
(576, 'Tzitzi-Ya-Ku Hide +', 4, 13, 'Material', 'Rare Tzitzi-Ya-Ku material. Mostly obtained as a reward. Supple, used to craft gear', 640, -1),
(577, 'Tzitzi-Ya-Ku Photophore', 4, 13, 'Material', 'Tzitzi-Ya-Ku material obtained by breaking its pulse organs. Unusual, used for many purposes.', 920, -1),
(578, 'Tzitzi-Ya-Ku Photophore +', 6, 13, 'Material', 'Rare Tzitzi-Ya-Ku material. Obtained by breaking its pulse organs. Unusual, used for many purposes', 1680, -1),
(579, 'Tzitzi-Ya-Ku Scale', 4, 13, 'Material', 'Tzitzi-Ya-Ku material. Mostly obtained by carving. Broadly used for many purposes.', 440, 0),
(580, 'Tzitzi-Ya-Ku Scale +', 6, 13, 'Material', 'Rare Tzitzi-Ya-Ku maerial. Mostly obtained by carving. Broadly used for many purposes', 840, -1),
(581, 'Unknown Skull', 7, 13, 'Material', 'A rare material found in bonepiles in the Elders Recess. It appears to be some kind of animal skull.', 1800, -1),
(582, 'Uragaan Carapace', -1, 13, 'Material', 'Description goes here.', -1, -1),
(583, 'Uragaan Cortex', 10, 13, 'Material', 'Very rare Uragaan material. Mostly obtained as a reward. Solid, used to craft gear.', 4390, -1),
(584, 'Uragaan Jaw', -1, 13, 'Material', 'Description goes here.', -1, -1),
(585, 'Uragaan Marrow', 6, 13, 'Material', 'Rare Uragaan material. A valuable find, used to fortify gear. Said to be quite hard to come by.', 3100, -1),
(586, 'Uragaan Ruby', 7, 13, 'Material', 'A rare gem said to have formed within Uragaan tissue. Used to dramatically improve gear.', 8400, -1),
(587, 'Uragaan Scale +', 6, 13, 'Material', 'Rare Uragaan material. Mostly obtained by carving. Broadly used for many purposes.', 1460, -1),
(588, 'Uragaan Scute', -1, 13, 'Material', 'Description goes here.', -1, -1),
(589, 'Vaal Hazak Carapace', -1, 13, 'Material', 'Description goes here.', -1, -1),
(590, 'Vaal Hazak Fang +', 7, 13, 'Material', 'Rare Vaal Hazak material. Obtained by breaking its head. Sharp, used in many weapons.', 4600, -1),
(591, 'Vaal Hazak Gem', 8, 13, 'Material', 'A rare gem said to have formed within Vaal Hazak tissue. Holds untold potential.', 12000, -1),
(592, 'Vaal Hazak Membrane', -1, 13, 'Material', 'Description goes here.', -1, -1),
(593, 'Vaal Hazak Tail', 7, 13, 'Material', 'Rare Vaal Hazak material. Obtained by carving its severed tail. Stiff, used to craft gear.', 4900, -1),
(594, 'Vaal Hazak Talon', -1, 13, 'Material', 'Description goes here.', -1, -1),
(597, 'Vespoid Carapace', 6, 13, 'Material', 'Rare Vespoid material. Obtained by carving. Used for many purposes.', 460, -1),
(598, 'Vespoid Innerwing', 6, 13, 'Material', 'Description goes here.', 560, -1),
(599, 'Vespoid Shell', 4, 13, 'Material', 'Vespoid material. Obtained by carving. Used for many purposes.', 160, -1),
(600, 'Vespoid Wing', 4, 13, 'Material', 'Vespoid material. Obtained by carving. Light and sharp, used in many weapons.', 210, -1),
(602, 'Volcanic Wildbone', 9, 13, 'Material', 'Bone obtained in the Guiding Lands volcanic region. Weathered as it is, its weight attests to its power.', 1200, -1),
(604, 'Warped Bone', 4, 13, 'Material', 'A bone used as crafting material. Can be found in bonepiles in the Rotten Vale. Its size evokes a certain primal quality.', 800, -1),
(605, 'Warriors Streamstone: Sword', 6, 13, 'Material', 'A material used by champions of old. Used to bring out the hidden power in long swords and great swords', 10000, -1),
(606, 'Warriors Streamstone: Blade', 6, 13, 'Material', 'A material used by champions of old. Used to bring out the hidden power in swords and shields and dual blades', 10000, -1),
(607, 'Warriors Streamstone: Hammer', 6, 13, 'Material', 'A material used by champions of old. Used to bring out the hidden power in hammers and hunting horns.', 10000, -1),
(608, 'Warriors Streamstone: Lance', 6, 13, 'Material', 'A material used by champions of old. Used to bring out the hidden power in lances and gunlances', 10000, -1),
(609, 'Warriors Streamstone: Axe', 6, 13, 'Material', 'A material used by legendary heroes. Used to bring out the hidden power in switch axes and charge Axe', 10000, -1),
(610, 'Warriors Streamstone: Shaft', 6, 13, 'Material', 'A material used by champions of old. Used to bring out the hidden power in insect glaives and bow', 10000, -1),
(611, 'Warriors Streamstone: Ranged', 6, 13, 'Material', 'A material used by champions of old. Used to bring out the hidden power in light bowguns and heavy bowguns', 10000, -1),
(612, 'Whetfish Fin', 2, 13, 'Material', 'A fish fin used to sharpen Weapons. Restores Sharpness greatly, but good for fewer uses than a Whetstone.', 45, -1),
(613, 'Whetfish Fin +', 4, 13, 'Material', 'A fish fin used to sharpen weapons. Works better than a whetstone, and can be reused if youre lucky.', 45, -1),
(614, 'White Liver', 2, 13, 'Material', 'A white-colored liver, popular for its juicy texture. (Account Item)', 40, -1),
(615, 'Wingdrake Hide', 4, 13, 'Material', 'A material carved from Wingdrakes. Lightweight and often used when crafting armor.', 180, -1),
(616, 'Wingdrake Hide +', 6, 13, 'Material', 'A rare material carved from wingdrakes. Lighweight and often used when crafting armor.', 380, -1),
(617, 'Wyvern Bonemass', 4, 13, 'Material', 'Radobaan material. Obtained by collecting rare drops. Highly dense, used for many purposes.', 880, -1),
(619, 'Wyvern Gem', 7, 13, 'Material', 'Throughout a wyverns life, impurities gather and form this peculiar gem.', -1, -1),
(621, 'Xenojiiva Claw', 7, 13, 'Material', 'Description goes here.', 5300, -1),
(622, 'Xenojiiva Gem', 8, 13, 'Material', 'A phantasmal gem formed inside the tissue of Xenojiiva. The power it holds defies comprehension.', 15000, -1),
(623, 'Xenojiiva Horn', -1, 13, 'Material', 'Description goes here.', -1, -1),
(624, 'Xenojiiva Shell', 7, 13, 'Material', 'Description goes here.', 4000, -1),
(625, 'Xenojiiva Soulscale', 7, 13, 'Material', 'Description goes here.', 3000, -1),
(626, 'Xenojiiva Tail', -1, 13, 'Material', 'Description goes here.', -1, -1),
(627, 'Xenojiiva Veil', 7, 13, 'Material', 'A rare Xenojiiva organ that stores energy that can be released in a violent torrent.', 4300, -1),
(628, 'Xenojiiva Wing', -1, 13, 'Material', 'Description goes here.', -1, -1),
(629, 'Zorah Magdaros Carapace', 6, 13, 'Material', 'Zorah Magdaros material. Obtained as a rare drop or by mining. Solid, used to craft gear.', 1200, -1),
(630, 'Zorah Magdaros Gem', 7, 13, 'Material', 'A rare gem said to have formed within Zorah Magdaros tissue. Holds untold potential.', 6000, -1),
(631, 'Zorah Magdaros Heat Scale', 6, 13, 'Material', 'Zorah Magdaros material. Mostly obtained as a reward. Broadly used for many purposes.', 800, -1),
(632, 'Zorah Magdaros Magma', 6, 13, 'Material', 'Rare Zorah Magdaros material. Obtained by breaking its head. Unusual and difficult to handle.', 3200, -1),
(633, 'Zorah Magdaros Pleura', 6, 13, 'Material', 'Rare Zorah Magdaros material. Obtained by breaking its chest. Heavy, used to craft armor.', 1600, -1),
(634, 'Zorah Magdaros Ridge', 6, 13, 'Material', 'Description goes here.', 1400, -1);

-- Dropa item



INSERT INTO DropaItem (Monstro, Item, Chance)
    SELECT 
        m.IdMonstro,
        i.IdItem,
        (14.0 - i.Raridade) / 14.0 AS ChanceAquisicao
    FROM 
        Monstro m
    JOIN 
        Item i ON i.nome LIKE CONCAT('%', m.Nome, '%') OR i.descricao LIKE CONCAT('%', m.Nome, '%') OR  i.nome LIKE '%Raw Meat%' OR i.nome LIKE '%Monster Bone%' 
    GROUP BY 
        m.IdMonstro, i.IdItem, i.Nome, i.Raridade
    ORDER BY 
        m.IdMonstro;


-- MISSÕES

INSERT INTO Missao (IdMissao, Mapa, NPC, Nome, Nivel, Tipo, Cliente, Descricao, MaximoDesmaios, Tempo, Premio, Resumo, RanqueMinimo) VALUES
    (1, 2, 4, 'Jagras da Floresta Antiga', 1, 0, 'Comandante', 'Abata 7 Jagras', 3, 60, 720, 'Derrote os Jagras para garantir a segurança da região.', 1),
    (2, 2, 4, 'A Confusão dos Kestodon', 1, 0, 'Comandante', 'Abata 5 Kestodon Fêmeas e 3 Kestodon Machos', 3, 60, 1200, 'Elimine os Kestodon para proteger os recursos da região.', 1),
    (3, 2, 4, 'A Caçada ao Grande Jagras', 1, 0, 'Comandante', 'Cace um Grande Jagras', 3, 60, 1200, 'Derrote o Grande Jagras para garantir a segurança da região.', 1),
    (4, 2, 4, 'Bandido de Cérebro de Pássaro', 2, 0, 'Comandante', 'Cace um Kulu-Ya-Ku', 3, 60, 1800, 'Cace um Kulu-Ya-Ku que está causando problemas na região.', 2),
    (5, 2, 4, 'Urgente: Caçada ao Pukei-Pukei', 2, 0, 'Comandante', 'Cace um Pukei-Pukei', 3, 60, 2520, 'Um Pukei-Pukei ameaçador foi avistado. Elimine-o imediatamente.', 2),
    (6, 2, 4, 'O Melhor Tipo de Missão', 3, 0, 'Comandante', 'Cace um Barroth', 3, 60, 2520, 'Um Barroth está ameaçando os locais de escavação. Derrote-o para garantir a segurança.', 3),
    (7, 2, 4, 'Sombras Sinistras no Pântano', 3, 0, 'Comandante', 'Cace um Jyuratodus', 3, 60, 3240, 'Um Jyuratodus está causando problemas na área úmida. Elimine a ameaça.', 3),
    (8, 2, 4, 'Centelhas Voadoras: Tobi-Kadachi', 4, 0, 'Comandante', 'Cace um Tobi-Kadachi', 3, 60, 3240, 'Um Tobi-Kadachi está ameaçando a região. Derrote-o para garantir a segurança.', 4),
    (9, 2, 4, 'O Anjanath se Aproxima', 4, 0, 'Comandante', 'Cace um Anjanath', 3, 60, 4320, 'Um Anjanath está se aproximando. Derrote-o para proteger a área.', 4),
    (10, 2, 4, 'Uma para os Livros de História', 5, 0, 'Comandante', 'Capture Zorah Magdaros', 3, 60, 4320, 'Capture Zorah Magdaros para um estudo detalhado.', 4),
    (11, 2, 4, 'Problemas Inflados', 6, 0, 'Comandante', 'Cace um Paolumu', 3, 60, 4320, 'Um Paolumu está causando problemas na área. Elimine-o imediatamente.', 4),
    (12, 2, 4, 'Bloqueio Radobaan', 7, 0, 'Comandante', 'Cace um Radobaan', 3, 60, 4320, 'Um Radobaan está bloqueando uma rota vital. Derrote-o para liberar o caminho.', 4),
    (13, 2, 4, 'Legiana: Encarnação da Elegância', 8, 0, 'Comandante', 'Cace um Legiana', 3, 60, 5400, 'Um Legiana está ameaçando a região. Derrote-o para garantir a segurança.', 5),
    (14, 2, 4, 'Nas Profundezas do Vale', 8, 0, 'Comandante', 'Cace um Odogaron', 3, 60, 5400, 'Um Odogaron está causando problemas na área. Elimine-o para garantir a segurança.', 5),
    (15, 2, 4, 'Um Trono Flamejante no Topo da Floresta', 8, 0, 'Comandante', 'Cace um Rathalos', 3, 60, 5400, 'Um Rathalos está ameaçando a floresta. Derrote-o para garantir a segurança da região.', 5),
    (16, 2, 4, 'Tirano de Chifres Sob as Areias', 8, 0, 'Comandante', 'Cace um Diablos', 3, 60, 5400, 'Um Diablos está causando problemas nas áreas de caça. Elimine-o imediatamente.', 5),
    (17, 2, 4, 'Uma Tarefa Colossal', 10, 0, 'Comandante', 'Repel Zorah Magdaros', 3, 60, 8280, 'Repila o ataque de Zorah Magdaros para proteger a Comissão de Pesquisa.', 6),
    (18, 2, 4, 'Invasor no Deserto', 11, 0, 'Comandante', 'Cace um Pukei-Pukei', 3, 60, 7200, 'Um Pukei-Pukei invasor está causando estragos. Elimine-o para garantir a segurança.', 6),
    (19, 2, 4, 'Rosa Chocante', 12, 0, 'Comandante', 'Cace um Anjanath', 3, 60, 9000, 'Um Anjanath está ameaçando a área. Derrote-o para proteger a Comissão de Pesquisa.', 6),
    (20, 2, 4, 'Monstro do Velho Mundo no Novo Mundo', 13, 0, 'Comandante', 'Cace uma Pink Rathian', 3, 60, 12600, 'Uma Pink Rathian do Velho Mundo apareceu. Elimine a ameaça.', 7),
    (21, 2, 4, 'Uma Ferida e uma Sede', 14, 0, 'Comandante', 'Mate Nergigante', 3, 60, 18000, 'Um Nergigante está causando estragos. Elimine-o para proteger a Comissão de Pesquisa.', 8),
    (22, 2, 4, 'Kushala Daora, Dragão de Aço', 14, 0, 'Comandante', 'Mate Kushala Daora', 3, 60, 18000, 'Um Kushala Daora de aço está ameaçando a região. Derrote-o para garantir a segurança.', 8),
    (23, 2, 4, 'Teostra, o Infernal', 14, 0, 'Comandante', 'Mate Teostra', 3, 60, 18000, 'Um Teostra infernal está causando problemas. Elimine-o imediatamente.', 8),
    (24, 2, 4, 'Demônio Infernal Vaal Hazak', 14, 0, 'Comandante', 'Mate Vaal Hazak', 3, 60, 18000, 'Um Vaal Hazak demoníaco está ameaçando a região. Derrote-o para garantir a segurança.', 8),
    (25, 2, 4, 'Terra da Convergência', 15, 0, 'Comandante', 'Mate Xeno''jiiva', 3, 60, 19800, 'Um Xeno''jiiva apareceu na Terra da Convergência. Elimine a ameaça para a humanidade.', 9),
    (26, 2, 4, 'Além das Escamas Explosivas', 29, 0, 'Comandante', 'Cace dois Bazelgeuse temperados', 3, 60, 27720, 'Dois Bazelgeuse temperados estão causando estragos. Elimine-os para garantir a segurança.', 9),
    (27, 2, 4, 'Ruído Trovejante nas Terras Altas', 49, 0, 'Comandante', 'Mate um Kirin temperado', 3, 60, 21600, 'Um Kirin temperado está causando caos nas terras altas. Elimine-o imediatamente.', 9);

-- Missões Pre Req
INSERT INTO MissaoPreReq (IdMissaoPreReq, MissaoPreReq, Missao) VALUES
    (1, 1, 2), (2, 2, 3), (3, 3, 4), (4, 4, 5), (5, 5, 6),
    (6, 6, 7), (7, 7, 8), (8, 8, 9), (9, 9, 10), (10, 10, 11),
    (11, 11, 12), (12, 12, 13), (13, 13, 14), (14, 14, 15), (15, 15, 16),
    (16, 16, 17), (17, 17, 18), (18, 18, 19), (19, 19, 20), (20, 20, 21),
    (21, 21, 22), (22, 22, 23), (23, 23, 24), (24, 24, 25), (25, 25, 26),
    (26, 26, 27);

-- Inserção de dados na tabela EtapaMonstro
INSERT INTO EtapaMonstro (Missao, Monstro, Quantidade) VALUES
    (1, 72, 7),
    (2, 73, 5),
    (2, 74, 3),
    (3, 28, 1),
    (4, 31, 1),
    (5, 45, 1),
    (6, 8, 1),
    (7, 29, 1),
    (8, 62, 1),
    (9, 4, 1),
    (10, 71, 1),
    (11, 43, 1),
    (12, 46, 1),
    (13, 35, 1),
    (14, 42, 1),
    (15, 49, 1),
    (16, 18, 1),
    (17, 71, 1),
    (18, 45, 1),
    (19, 4, 1),
    (20, 44, 1),
    (21, 40, 1),
    (22, 33, 1),
    (23, 60, 1),
    (24, 65, 1),
    (25, 68, 1),
    (26, 55, 2),
    (27, 30, 1);


---Armaduras

INSERT INTO Item (IdItem, Nome, Raridade, Tipo, Funcao, Descricao, ValorVenda, CustoCompra) VALUES
    (642, 'Alloy Coil', 1, 13, 'ArmaduraCintura', 'Armadura feita de minério de machalita fino. O que lhe falta em charme, mais do que compensa em defesa.', 500, 500),
    (643, 'Alloy Coil Alpha', 5, 13, 'ArmaduraCintura', 'A descrição é colocada aqui', 4000, 4000),
    (644, 'Alloy Coil Beta', 5, 13, 'ArmaduraCintura', 'A descrição é colocada aqui', 4000, 4000),
    (645, 'Anja Coil', 1, 13, 'ArmaduraCintura', 'Criado para imitar o traje de uma tribo em particular. Um design sólido que pode suportar o mais forte dos golpes.', 1500, 1500),
    (646, 'Anja Coil +', 9, 13, 'ArmaduraCintura', 'A descrição é colocada aqui', 10000, 10000),
    (647, 'Anja Coil Alpha', 5, 13, 'ArmaduraCintura', 'A descrição é colocada aqui', 6000, 6000),
    (648, 'Anja Coil Beta', 5, 13, 'ArmaduraCintura', 'A descrição é colocada aqui', 6000, 6000),
    (649, 'Azure Starlord Tassets Alpha', 7, 13, 'ArmaduraCintura', 'A descrição é colocada aqui', 12000, 12000),
    (650, 'Baan Coil', 3, 13, 'ArmaduraCintura', 'A descrição é colocada aqui', 1500, 1500),
    (651, 'Baan Coil Alpha', 6, 13, 'ArmaduraCintura', 'A descrição é colocada aqui', 6000, 6000),
    (652, 'Baan Coil Alpha', 6, 13, 'ArmaduraCintura', 'A descrição é colocada aqui', 6000, 6000),
    (653, 'Harvest Hoja', 9, 13, 'ArmaduraCintura', 'A descrição é colocada aqui', 1500, 1500),
    (654, 'Barroth Coil', 2, 13, 'ArmaduraCintura', 'A descrição é colocada aqui', 500, 500),
    (655, 'Barroth Coil Alpha', 5, 13, 'ArmaduraCintura', 'A descrição é colocada aqui', 4000, 4000),
    (656, 'Barroth Coil Beta', 5, 13, 'ArmaduraCintura', 'A descrição é colocada aqui', 4000, 4000),
    (657, 'Bazel Coil Alpha', 7, 13, 'ArmaduraCintura', 'A descrição é colocada aqui', 10000, 10000),
    (658, 'Bazel Coil Beta', 7, 13, 'ArmaduraCintura', 'A descrição é colocada aqui', 12000, 12000),
    (659, 'Harvest Hoja', 9, 13, 'ArmaduraCintura', 'A descrição é colocada aqui', 1500, 1500),
    (660, 'Blossom Coat', 3, 13, 'ArmaduraCintura', 'A descrição é colocada aqui', 1500, 1500),
    (661, 'Blossom Coat Alpha', 5, 13, 'ArmaduraCintura', 'A descrição é colocada aqui', 4000, 4000),
    (662, 'Bone Coil', 1, 13, 'ArmaduraCintura', 'Armadura tradicional feita de ossos de monstros. Acredite ou não, oferece um bom isolamento.', 200, 200),
    (663, 'Bone Coil Alpha', 5, 13, 'ArmaduraCintura', 'A descrição é colocada aqui', 4000, 4000),
    (664, 'Bone Coil Beta', 5, 13, 'ArmaduraCintura', 'A descrição é colocada aqui', 4000, 4000),
    (665, 'Brigade Coil', 4, 13, 'ArmaduraCintura', 'A descrição é colocada aqui', 3000, 3000),
    (666, 'Brigade Coil Alpha', 4, 13, 'ArmaduraCintura', 'A descrição é colocada aqui', 9000, 9000),
    (667, 'Brigade Coil Beta', 4, 13, 'ArmaduraCintura', 'A descrição é colocada aqui', 9000, 9000),
    (668, 'Butterfly Elytra', 3, 13, 'ArmaduraCintura', 'A descrição é colocada aqui', 1500, 1500),
    (669, 'Butterfly Elytra Alpha', 5, 13, 'ArmaduraCintura', 'A descrição é colocada aqui', 6000, 6000),
    (670, 'Butterfly Elytra Beta', 5, 13, 'ArmaduraCintura', 'A descrição é colocada aqui', 6000, 6000),
    (671, 'Chainmail Belt', 1, 13, 'ArmaduraCintura', 'Armadura feita de elos de corrente tecidos. Seu design familiar inspira confiança nos caçadores que o usam.', 100, 100),
    (672, 'Chainmail Belt Alpha', 5, 13, 'ArmaduraCintura', 'A descrição é colocada aqui', 4000, 4000),
    (673, 'Chainmail Belt Beta', 5, 13, 'ArmaduraCintura', 'A descrição é colocada aqui', 4000, 4000),
    (674, 'Commission Belt Alpha', 1, 13, 'ArmaduraCintura', 'A descrição é colocada aqui', 20000, 20000),
    (675, 'Commission Belt Beta', 1, 13, 'ArmaduraCintura', 'A descrição é colocada aqui', 20000, 20000),
    (676, 'Damascus Coil Alpha', 7, 13, 'ArmaduraCintura', 'A descrição é colocada aqui', 12000, 12000),
    (677, 'Damascus Coil Beta', 7, 13, 'ArmaduraCintura', 'A descrição é colocada aqui', 12000, 12000),
    (678, 'Dantes Belt Alpha', 8, 13, 'ArmaduraCintura', 'A descrição é colocada aqui', 16000, 16000),
    (679, 'Death Stench Bowels', 4, 13, 'ArmaduraCintura', 'A descrição é colocada aqui', 12000, 12000),
    (680, 'Death Stench Bowels Alpha', 7, 13, 'ArmaduraCintura', 'A descrição é colocada aqui', 12000, 12000),
    (681, 'Death Stench Bowels Beta', 7, 13, 'ArmaduraCintura', 'A descrição é colocada aqui', 12000, 12000),
    (682, 'Diablos Coil', 4, 13, 'ArmaduraCintura', 'A descrição é colocada aqui', 9000, 9000),
    (683, 'Diablos Coil Alpha', 6, 13, 'ArmaduraCintura', 'A descrição é colocada aqui', 12000, 12000),
    (684, 'Diablos Coil Beta', 6, 13, 'ArmaduraCintura', 'A descrição é colocada aqui', 9000, 9000),
    (685, 'Diablos Nero Coil Alpha', 7, 13, 'ArmaduraCintura', 'A descrição é colocada aqui', 12000, 12000),
    (686, 'Diablos Nero Coil Beta', 7, 13, 'ArmaduraCintura', 'A descrição é colocada aqui', 12000, 12000),
    (687, 'Harvest Hoja', 9, 13, 'ArmaduraCintura', 'A descrição é colocada aqui', 1500, 1500),
    (688, 'N/A', 5, 13, 'ArmaduraCintura', 'N/A', 0, 0),
    (689, 'Dober Coil Alpha', 7, 13, 'ArmaduraCintura', 'A descrição é colocada aqui', 12000, 12000),
    (690, 'Dober Coil Beta', 7, 13, 'ArmaduraCintura', 'A descrição é colocada aqui', 12000, 12000),
    (691, 'Dodogama Coil Alpha', 5, 13, 'ArmaduraCintura', 'A descrição é colocada aqui', 6000, 6000),
    (692, 'Dodogama Coil Beta', 5, 13, 'ArmaduraCintura', 'A descrição é colocada aqui', 6000, 6000),
    (693, 'Drachen Coil Alpha', 8, 13, 'ArmaduraCintura', 'A descrição é colocada aqui', 20000, 20000),
    (694, 'Empress Coil Alpha', 8, 13, 'ArmaduraCintura', 'A descrição é colocada aqui', 20000, 20000),
    (695, 'Empress Coil Beta', 8, 13, 'ArmaduraCintura', 'N/A', 20000, 20000),
    (696, 'Gala Suit Tail Alpha', 7, 13, 'ArmaduraCintura', 'A descrição é colocada aqui', 12000, 12000),
    (697, 'Gala Suit Tail', 4, 13, 'ArmaduraCintura', 'A descrição é colocada aqui', 3000, 3000),
    (698, 'Girros Coil', 3, 13, 'ArmaduraCintura', 'A descrição é colocada aqui', 1500, 1500),
    (699, 'Harvest Hoja', 9, 13, 'ArmaduraCintura', 'A descrição é colocada aqui', 1500, 1500),
    (700, 'Girros Coil Alpha', 5, 13, 'ArmaduraCintura', 'A descrição é colocada aqui', 4000, 4000),
    (701, 'Girros Coil Beta', 5, 13, 'ArmaduraCintura', 'A descrição é colocada aqui', 4000, 4000),
    (702, 'Golden Lunecoil Alpha +', 12, 13, 'ArmaduraCintura', 'A descrição é colocada aqui', 24000, 24000),
    (703, 'Golden Lunecoil Beta +', 12, 13, 'ArmaduraCintura', 'A descrição é colocada aqui', 24000, 24000),
    (704, 'Guild Cross Coil Alpha', 1, 13, 'ArmaduraCintura', 'A descrição é colocada aqui', 16000, 16000),
    (705, 'Guild Cross Coil Beta', 8, 13, 'ArmaduraCintura', 'A descrição é colocada aqui', 16000, 16000),
    (706, 'Guardian Coil Alpha +', 6, 13, 'ArmaduraCintura', 'A descrição é colocada aqui', 10000, 10000),
    (707, 'Harvest Hoja', 3, 13, 'ArmaduraCintura', 'A descrição é colocada aqui', 1500, 1500),
    (708, 'Harvest Hoja Alpha', 3, 13, 'ArmaduraCintura', 'A descrição é colocada aqui', 9000, 9000),
    (709, 'High Metal Coil', 3, 13, 'ArmaduraCintura', 'A descrição é colocada aqui', 1500, 1500),
    (710, 'High Metal Coil Alpha', 6, 13, 'ArmaduraCintura', 'A descrição é colocada aqui', 9000, 9000),
    (711, 'High Metal Coil Beta', 6, 13, 'ArmaduraCintura', 'A descrição é colocada aqui', 9000, 9000),
    (712, 'Hunters Coil', 1, 13, 'ArmaduraCintura', 'Armadura amplamente utilizada entre os caçadores. Feito para resistir a golpes fortes.', 200, 200),
    (713, 'Hunters Coil Alpha', 5, 13, 'ArmaduraCintura', 'A descrição é colocada aqui', 4000, 4000),
    (714, 'Hunters Coil Beta', 5, 13, 'ArmaduraCintura', 'A descrição é colocada aqui', 4000, 4000),
    (715, 'Hornetaur Coil', 3, 13, 'ArmaduraCintura', 'A descrição é colocada aqui', 1500, 1500),
    (716, 'Hornetaur Coil Alpha', 5, 13, 'ArmaduraCintura', 'A descrição é colocada aqui', 4000, 4000),
    (717, 'Hornetaur Coil Beta', 5, 13, 'ArmaduraCintura', 'A descrição é colocada aqui', 4000, 4000),
    (718, 'Ingot Faulds', 1, 13, 'ArmaduraCintura', 'A descrição é colocada aqui', 10000, 10000),
    (719, 'Ingot Coil Alpha', 6, 13, 'ArmaduraCintura', 'A descrição é colocada aqui', 3000, 3000),
    (720, 'Ingot Coil Beta', 6, 13, 'ArmaduraCintura', 'A descrição é colocada aqui', 3000, 3000),
    (721, 'Ingot Faulds', 1, 13, 'ArmaduraCintura', 'A descrição é colocada aqui', 10000, 10000),
    (722, 'Jagras Coil', 1, 13, 'ArmaduraCintura', 'A escama Diligentemente polida Great Jagras combina aço em bela harmonia nesta armadura.', 200, 200),
    (723, 'Jagras Coil Alpha', 5, 13, 'ArmaduraCintura', 'A descrição é colocada aqui', 4000, 4000),
    (724, 'Jagras Coil Beta', 5, 13, 'ArmaduraCintura', 'A descrição é colocada aqui', 4000, 4000),
    (725, 'Jagras Greaves Alpha', 5, 13, 'ArmaduraCintura', 'A descrição é colocada aqui', 4000, 4000),
    (726, 'Jyura Coil', 2, 13, 'ArmaduraCintura', 'A descrição é colocada aqui', 500, 500),
    (727, 'Jyura Coil Alpha', 5, 13, 'ArmaduraCintura', 'A descrição é colocada aqui', 6000, 6000),
    (728, 'Jyura Coil Beta', 5, 13, 'ArmaduraCintura', 'A descrição é colocada aqui', 6000, 6000),
    (729, 'Kadachi Coil', 2, 13, 'ArmaduraCintura', 'A descrição é colocada aqui', 500, 500),
    (730, 'Kadachi Coil Alpha', 5, 13, 'ArmaduraCintura', 'A descrição é colocada aqui', 6000, 6000),
    (731, 'Kadachi Coil Beta', 5, 13, 'ArmaduraCintura', 'A descrição é colocada aqui', 6000, 6000),
    (732, 'Kaiser Coil Alpha', 8, 13, 'ArmaduraCintura', 'A descrição é colocada aqui', 16000, 16000),
    (733, 'Kaiser Coil Beta', 8, 13, 'ArmaduraCintura', 'A descrição é colocada aqui', 16000, 16000),
    (734, 'Kaiser Coil Gamma', 8, 13, 'ArmaduraCintura', 'A descrição é colocada aqui', 20000, 20000),
    (735, 'King Beetle Elytra', 3, 13, 'ArmaduraCintura', 'A descrição é colocada aqui', 1500, 1500),
    (736, 'King Beetle Elytra Alpha', 5, 13, 'ArmaduraCintura', 'A descrição é colocada aqui', 6000, 6000),
    (737, 'King Beetle Elytra Beta', 5, 13, 'ArmaduraCintura', 'A descrição é colocada aqui', 6000, 6000),
    (738, 'Kirin Hoop', 4, 13, 'ArmaduraCintura', 'A descrição é colocada aqui', 3000, 3000),
    (739, 'Kirin Hoop Alpha', 8, 13, 'ArmaduraCintura', 'A descrição é colocada aqui', 16000, 16000),
    (740, 'Kirin Hoop Beta', 8, 13, 'ArmaduraCintura', 'A descrição é colocada aqui', 16000, 16000),
    (741, 'Kirin Hoop Gamma', 8, 13, 'ArmaduraCintura', 'A descrição é colocada aqui', 10000, 10000),
    (742, 'Kulu Coil', 1, 13, 'ArmaduraCintura', 'A descrição é colocada aqui', 200, 200),
    (743, 'Kulu Coil Alpha', 5, 13, 'ArmaduraCintura', 'A descrição é colocada aqui', 4000, 4000),
    (744, 'Kulu Coil Beta', 5, 13, 'ArmaduraCintura', 'A descrição é colocada aqui', 4000, 4000),
    (745, 'Kulve Taroths Malice Alpha', 8, 13, 'ArmaduraCintura', 'A descrição é colocada aqui', 20000, 20000),
    (746, 'Kulve Taroths Malice Beta', 8, 13, 'ArmaduraCintura', 'A descrição é colocada aqui', 20000, 20000),
    (747, 'N/A', 10000, 13, 'ArmaduraCintura', 'N/A', 0, 0),
    (748, 'Kushala Cocoon Alpha', 8, 13, 'ArmaduraCintura', 'A descrição é colocada aqui', 16000, 16000),
    (749, 'Kushala Cocoon Beta', 8, 13, 'ArmaduraCintura', 'A descrição é colocada aqui', 16000, 16000),
    (750, 'Lavasioth Coil Alpha', 5, 13, 'ArmaduraCintura', 'A descrição é colocada aqui', 9000, 9000),
    (751, 'Lavasioth Coil Beta', 5, 13, 'ArmaduraCintura', 'A descrição é colocada aqui', 9000, 9000),
    (752, 'Leather Belt', 1, 13, 'ArmaduraCintura', 'Armadura feita de couro de monstro tratado. Uma escolha segura, projetada para uso multiuso.', 100, 100),
    (753, 'Leather Belt Alpha', 5, 13, 'ArmaduraCintura', 'A descrição é colocada aqui', 4000, 4000),
    (754, 'Leather Belt Beta', 5, 13, 'ArmaduraCintura', 'A descrição é colocada aqui', 4000, 4000),
    (755, 'Legiana Coil', 4, 13, 'ArmaduraCintura', 'A descrição é colocada aqui', 3000, 3000),
    (756, 'Harvest Hoja', 9, 13, 'ArmaduraCintura', 'A descrição é colocada aqui', 1500, 1500),
    (757, 'Legiana Coil Alpha', 6, 13, 'ArmaduraCintura', 'A descrição é colocada aqui', 9000, 9000),
    (758, 'Legiana Coil Beta', 6, 13, 'ArmaduraCintura', 'A descrição é colocada aqui', 9000, 9000),
    (759, 'Lumu Coil', 3, 13, 'ArmaduraCintura', 'A descrição é colocada aqui', 1500, 1500),
    (760, 'Lumu Coil Alpha', 5, 13, 'ArmaduraCintura', 'A descrição é colocada aqui', 6000, 6000),
    (761, 'Lumu Coil Beta', 5, 13, 'ArmaduraCintura', 'A descrição é colocada aqui', 6000, 6000),
    (762, 'Nergigante Coil Alpha', 8, 13, 'ArmaduraCintura', 'A descrição é colocada aqui', 16000, 16000),
    (763, 'Nergigante Coil Beta', 8, 13, 'ArmaduraCintura', 'A descrição é colocada aqui', 16000, 16000),
    (764, 'Nergigante Coil Gamma', 8, 13, 'ArmaduraCintura', 'A descrição é colocada aqui', 10000, 10000),
    (765, 'Odogaron Coil', 4, 13, 'ArmaduraCintura', 'A descrição é colocada aqui', 3000, 3000),
    (766, 'Odogaron Coil Alpha', 6, 13, 'ArmaduraCintura', 'A descrição é colocada aqui', 9000, 9000),
    (767, 'Odogaron Coil Beta', 6, 13, 'ArmaduraCintura', 'A descrição é colocada aqui', 9000, 9000),
    (768, 'Orion Coat Alpha', 6, 13, 'ArmaduraCintura', 'A descrição é colocada aqui', 1200, 1200),
    (769, 'Origin Coil', 1, 13, 'ArmaduraCintura', 'A descrição é colocada aqui', 10000, 10000),
    (770, 'Pukei Coil', 2, 13, 'ArmaduraCintura', 'A descrição é colocada aqui', 500, 500),
    (771, 'Pukei Coil Alpha', 5, 13, 'ArmaduraCintura', 'A descrição é colocada aqui', 4000, 4000),
    (772, 'Pukei Coil Beta', 5, 13, 'ArmaduraCintura', 'A descrição é colocada aqui', 500, 500),
    (773, 'Rath Hearth Coil Alpha', 6, 13, 'ArmaduraCintura', 'A descrição é colocada aqui', 9000, 9000),
    (774, 'Rath Soul Coil Alpha', 7, 13, 'ArmaduraCintura', 'Armadura Azure imbuída de poder absoluto. Quem o usa está destinado a fazer história.', 12000, 12000),
    (775, 'Rath Soul Coil Beta', 7, 13, 'ArmaduraCintura', 'Armadura Azure imbuída de poder absoluto. Quem o usa está destinado a fazer história.', 12000, 12000),
    (776, 'Rathalos Coil', 4, 13, 'ArmaduraCintura', 'A descrição é colocada aqui', 3000, 3000),
    (777, 'Rathalos Coil Alpha', 6, 13, 'ArmaduraCintura', 'A descrição é colocada aqui', 9000, 9000),
    (778, 'Rathalos Coil Beta', 6, 13, 'ArmaduraCintura', 'A descrição é colocada aqui', 9000, 9000),
    (779, 'Rathian Coil', 3, 13, 'ArmaduraCintura', 'A descrição é colocada aqui', 1500, 1500),
    (780, 'Rathian Coil Alpha', 5, 13, 'ArmaduraCintura', 'A descrição é colocada aqui', 6000, 6000),
    (781, 'Rathian Coil Beta', 5, 13, 'ArmaduraCintura', 'A descrição é colocada aqui', 6000, 6000),
    (782, 'Ryus Torso', 2, 13, 'ArmaduraCintura', 'A descrição é colocada aqui', 10000, 10000),
    (783, 'Ryus Torso Alpha', 7, 13, 'ArmaduraCintura', 'A descrição é colocada aqui', 10000, 10000),
    (784, 'Sakuras Skirt Alpha', 6, 13, 'ArmaduraCintura', 'A descrição é colocada aqui', 10000, 10000),
    (785, 'Tzitzi Coil', 3, 13, 'ArmaduraCintura', 'A descrição é colocada aqui', 1500, 1500),
    (786, 'Tzitzi Coil Alpha', 5, 13, 'ArmaduraCintura', 'A descrição é colocada aqui', 6000, 6000),
    (787, 'Tzitzi Coil Beta', 5, 13, 'ArmaduraCintura', 'A descrição é colocada aqui', 6000, 6000),
    (788, 'Uragaan Coil Alpha', 7, 13, 'ArmaduraCintura', 'A descrição é colocada aqui', 12000, 12000),
    (789, 'Uragaan Coil Beta', 7, 13, 'ArmaduraCintura', 'A descrição é colocada aqui', 12000, 12000),
    (790, 'Vangis Coil Alpha', 7, 13, 'ArmaduraCintura', 'Armadura Deviljho que confere poder épico ao seu portador, ao custo de uma sede interminável de carne.', 12000, 12000),
    (791, 'Vangis Coil Beta', 7, 13, 'ArmaduraCintura', 'Armadura Deviljho que confere poder épico ao seu portador, ao custo de uma sede interminável de carne.', 12000, 12000),
    (792, 'Vaal Hazak Coil Alpha', 8, 13, 'ArmaduraCintura', 'A descrição é colocada aqui', 16000, 16000),
    (793, 'Vaal Hazak Coil Beta', 8, 13, 'ArmaduraCintura', 'A descrição é colocada aqui', 16000, 16000),
    (794, 'Vespoid Coil', 1, 13, 'ArmaduraCintura', 'Armadura feita de carapaça Vespoide dura. Embora fraco para o elemento fogo, ele oferece uma defesa sólida.', 200, 200),
    (795, 'Vespoid Coil Alpha', 5, 13, 'ArmaduraCintura', 'Armadura feita de carapaça Vespoide dura. Embora fraco para o elemento fogo, ele oferece uma defesa sólida.', 4000, 4000),
    (796, 'Vespoid Coil Beta', 5, 13, 'ArmaduraCintura', 'Armadura feita de carapaça Vespoide dura. Embora fraco para o elemento fogo, ele oferece uma defesa sólida.', 4000, 4000),
    (797, 'Xenojiiva Spine Alpha', 8, 13, 'ArmaduraCintura', 'A descrição é colocada aqui', 20000, 20000),
    (798, 'Xenojiiva Spine Beta', 8, 13, 'ArmaduraCintura', 'A descrição é colocada aqui', 20000, 20000),
    (799, 'Zorah Spine Alpha', 6, 13, 'ArmaduraCintura', 'A descrição é colocada aqui', 9000, 9000),
    (800, 'Zorah Spine Beta', 6, 13, 'ArmaduraCintura', 'A descrição é colocada aqui', 9000, 9000),
    (801, 'Zorah Spine Beta', 8, 13, 'ArmaduraCintura', 'A descrição é colocada aqui', 9000, 9000);

INSERT INTO Armadura (IdArmadura, Defesa, Fogo, Agua, Raio, Gelo, Dragao) VALUES
    (642, 8, -2, 1, -2, -2, 1),
    (643, 36, -2, 0, -2, -2, 0),
    (644, 36, -2, 0, -2, -2, 0),
    (645, 20, 3, -3, -1, -1, 0),
    (646, 130, 3, -3, -1, -1, 0),
    (647, 44, 3, -3, -1, -1, 0),
    (648, 44, 3, -3, -1, -1, 0),
    (649, 56, 2, 2, 0, 0, 3),
    (650, 24, 0, 2, 0, -1, -2),
    (651, 46, 0, 2, 0, -1, -2),
    (652, 46, 0, 2, 0, -1, -2),
    (653, 26, 4, 1, 1, 1, 1),
    (654, 14, -3, -1, 3, -1, 0),
    (655, 42, -3, -1, 3, -1, 0),
    (656, 42, -3, -1, 3, -1, 0),
    (657, 58, 3, 1, -4, -2, -2),
    (658, 58, 3, 1, -4, -2, -2),
    (659, 26, 4, 1, 1, 1, 1),
    (660, 18, 1, 1, 4, 1, 1),
    (661, 40, 1, 1, 4, 1, 1),
    (662, 6, 2, 0, 2, 0, 2),
    (663, 36, 2, 0, 2, 0, 2),
    (664, 36, 2, 0, 2, 0, 2),
    (665, 28, 1, 0, 2, 0, 2),
    (666, 52, 1, 0, 2, 0, 2),
    (667, 52, 1, 0, 2, 0, 2),
    (668, 22, -1, -1, 2, 0, 2),
    (669, 42, -1, -1, 2, 0, 2),
    (670, 42, -1, -1, 2, 0, 2),
    (671, 2, 0, 2, 0, 0, 0),
    (672, 32, 0, 2, 0, 0, 0),
    (673, 32, 0, 2, 0, 0, 0),
    (674, 70, 2, 2, 2, 2, 2),
    (675, 70, 2, 2, 2, 2, 2),
    (676, 60, 4, -2, 0, 0, 0),
    (677, 60, 4, -2, 0, 0, 0),
    (678, 64, 3, -3, 3, -3, 3),
    (679, 32, 3, 2, -2, 3, -4),
    (680, 62, 3, 2, -2, 3, -4),
    (681, 62, 3, 2, -2, 3, -4),
    (682, 32, 3, -2, 0, -3, 2),
    (683, 54, 3, -2, 0, -3, 2),
    (684, 54, 3, -2, 0, -3, 2),
    (685, 56, 3, -3, 0, -4, 2),
    (686, 56, 3, -3, 0, -4, 2),
    (687, 26, 4, 1, 1, 1, 1),
    (688, 0, 0, 0, 0, 0, 0),
    (689, 60, -2, 0, -1, -1, 4),
    (690, 60, -2, 0, -1, -1, 4),
    (691, 48, 2, 0, -3, 0, 2),
    (692, 48, 2, 0, -3, 0, 2),
    (693, 72, -2, -2, 3, -2, 4),
    (694, 70, 3, 1, 1, -3, -2),
    (695, 70, 3, 1, 1, -3, -2),
    (696, 64, 1, 1, 1, 1, 4),
    (697, 34, 1, 1, 1, 1, 4),
    (698, 20, 0, -3, 2, 0, 1),
    (699, 26, 4, 1, 1, 1, 1),
    (700, 40, 0, -3, 2, 0, 1),
    (701, 40, 0, -3, 2, 0, 1),
    (702, 162, 3, -2, -4, 0, 4),
    (703, 162, 3, -2, -4, 0, 4),
    (704, 68, 0, 0, 0, 0, 0),
    (705, 68, 0, 0, 0, 0, 0),
    (706, 50, 2, 0, 0, 2, 3),
    (707, 26, 4, 1, 1, 1, 1),
    (708, 52, 4, 1, 1, 1, 1),
    (709, 18, 0, -1, -2, 3, 0),
    (710, 50, 0, -1, -2, 3, 0),
    (711, 50, 0, -1, -2, 3, 0),
    (712, 6, 2, 2, 0, 0, 0),
    (713, 36, 2, 2, 0, 0, 0),
    (714, 36, 2, 2, 0, 0, 0),
    (715, 18, -1, -1, 0, 0, 2),
    (716, 38, -1, -1, 0, 0, 2),
    (717, 38, -1, -1, 0, 0, 2),
    (718, 16, -1, -1, 0, 1, 0),
    (719, 50, -2, 0, 3, -1, 0),
    (720, 50, -2, 0, 3, -1, 0),
    (721, 16, -1, -1, 0, 1, 0),
    (722, 8, -2, 2, -1, -1, 1),
    (723, 40, -2, 2, -1, -1, 1),
    (724, 40, -2, 2, -1, -1, 1),
    (725, 40, -2, 2, -1, -1, 1),
    (726, 14, -1, 2, -3, 0, 0),
    (727, 44, -1, 2, -3, 0, 0),
    (728, 44, -1, 2, -3, 0, 0),
    (729, 16, 0, -3, 3, 0, 0),
    (730, 44, 0, -3, 3, 0, 0),
    (731, 44, 0, -3, 3, 0, 0),
    (732, 64, 3, -3, 1, -3, 1),
    (733, 64, 3, -3, 1, -3, 1),
    (734, 72, 3, -3, 1, -3, 1),
    (735, 22, -1, -1, 2, 0, 2),
    (736, 42, -1, -1, 2, 0, 2),
    (737, 42, -1, -1, 2, 0, 2),
    (738, 32, 3, -2, 4, -2, 2),
    (739, 64, 3, -2, 4, -2, 2),
    (740, 64, -3, -2, 4, -2, 2),
    (741, 64, -3, -2, 4, -2, 2),
    (742, 10, 0, -3, 0, 1, 0),
    (743, 40, 0, 0, 0, -3, 0),
    (744, 40, 0, 0, 0, -3, 0),
    (745, 72, 4, -2, 3, -4, -2),
    (746, 72, 4, -2, 3, -4, -2),
    (747, 0, 0, 0, 0, 0, 0),
    (748, 64, 0, 2, -3, 4, -2),
    (749, 64, 0, 2, -3, 4, -2),
    (750, 56, 3, -3, 1, -2, 2),
    (751, 56, 3, -3, 1, -2, 2),
    (752, 2, 2, 0, 0, 0, 0),
    (753, 32, 2, 0, 0, 0, 0),
    (754, 32, 2, 0, 0, 0, 0),
    (755, 30, -1, 2, -3, 3, 0),
    (756, 26, 4, 1, 1, 1, 1),
    (757, 54, -1, 2, -3, 3, 0),
    (758, 54, -1, 2, -3, 3, 0),
    (759, 20, -3, 2, 0, 1, 0),
    (760, 44, -3, 2, 0, 1, 0),
    (761, 44, -3, 2, 0, 1, 0),
    (762, 64, 1, 1, -3, 1, -3),
    (763, 64, 1, 1, -3, 1, -3),
    (764, 72, 1, 1, -3, 1, -3),
    (765, 30, 2, 2, -2, -3, 0),
    (766, 54, 2, 2, -2, -3, 0),
    (767, 54, 2, 2, -2, -3, 0),
    (768, 58, 1, 1, 1, 4, 1),
    (769, 6, 0, 0, 0, 0, 0),
    (770, 16, 0, 3, -3, 0, 1),
    (771, 42, 0, 3, -3, 0, 1),
    (772, 42, 0, 3, -3, 0, 1),
    (773, 52, 3, 0, -3, 0, -4),
    (774, 56, 3, 2, 2, -3, -4),
    (775, 56, 3, 2, 2, -3, -4),
    (776, 30, 3, 1, -2, 1, -3),
    (777, 54, 3, 1, -2, 1, -3),
    (778, 54, 3, 1, -2, 1, -3),
    (779, 22, 2, 0, -2, 0, -3),
    (780, 46, 2, 0, -2, 0, -3),
    (781, 46, 2, 0, -2, 0, -3),
    (782, 12, 2, 0, 5, -3, 2),
    (783, 60, 2, 0, 5, -3, 2),
    (784, 50, 0, 4, 0, 4, -2),
    (785, 18, 0, 0, -3, -2, 0),
    (786, 40, 0, 0, -3, -2, 0),
    (787, 40, 0, 0, -3, -2, 0),
    (788, 60, 4, -3, 1, -2, -2),
    (789, 60, 4, -3, 1, -2, -2),
    (790, 58, 1, 1, -3, 2, -3),
    (791, 58, 1, 1, -3, 2, -3),
    (792, 64, -4, 4, 1, -1, -3),
    (793, 64, -4, 4, 1, -1, -3),
    (794, 8, -2, 1, 1, 1, 2),
    (795, 38, -2, 1, 1, 1, 2),
    (796, 38, -2, 1, 1, 1, 2),
    (797, 72, -3, 2, 2, 2, -4),
    (798, 72, -3, 2, 2, 2, -4),
    (799, 44, 4, -3, -1, -2, -3),
    (800, 44, 4, -3, -1, -2, -3),
    (801, 44, 4, -3, -1, -2, -3);

INSERT INTO Item (IdItem, Nome, Raridade, Tipo, Funcao, Descricao, ValorVenda, CustoCompra) VALUES
    (802, 'Alloy Helm', 2, 14, 'ArmaduraCabeca', 'Armadura feita de minério de machalita fino. O que lhe falta em charme, mais do que compensa em defesa.', 500, 500),
    (803, 'Alloy Helm Alpha', 5, 14, 'ArmaduraCabeca', 'A descrição é colocada aqui', 4000, 4000),
    (804, 'Alloy Helm Beta', 5, 14, 'ArmaduraCabeca', 'A descrição é colocada aqui', 4000, 4000),
    (805, 'Anja Helm', 3, 14, 'ArmaduraCabeca', 'Criado para imitar o traje de uma tribo em particular. O design glorioso é a prova da bravura do usuário.', 1500, 1500),
    (806, 'Anja Helm +', 9, 14, 'ArmaduraCabeca', 'A descrição é colocada aqui', 10000, 10000),
    (807, 'Anja Helm Alpha', 5, 14, 'ArmaduraCabeca', 'A descrição é colocada aqui', 6000, 6000),
    (808, 'Anja Helm Beta', 5, 14, 'ArmaduraCabeca', 'A descrição é colocada aqui', 6000, 6000),
    (809, 'Azure Starlord Crown Alpha', 7, 14, 'ArmaduraCabeca', 'A descrição é colocada aqui', 12000, 12000),
    (810, 'Baan Helm', 3, 14, 'ArmaduraCabeca', 'A descrição é colocada aqui', 1500, 1500),
    (811, 'Baan Helm Alpha', 6, 14, 'ArmaduraCabeca', 'A descrição é colocada aqui', 6000, 6000),
    (812, 'Baan Helm Beta', 6, 14, 'ArmaduraCabeca', 'A descrição é colocada aqui', 6000, 6000),
    (813, 'Banbaro Helm+', 9, 14, 'ArmaduraCabeca', 'A descrição é colocada aqui', 10000, 10000),
    (814, 'Barroth Helm', 2, 14, 'ArmaduraCabeca', 'A descrição é colocada aqui', 500, 500),
    (815, 'Barroth Helm Alpha', 5, 14, 'ArmaduraCabeca', 'A descrição é colocada aqui', 4000, 4000),
    (816, 'Barroth Helm Beta', 5, 14, 'ArmaduraCabeca', 'A descrição é colocada aqui', 4000, 4000),
    (817, 'Bazel Helm Alpha', 7, 14, 'ArmaduraCabeca', 'A descrição é colocada aqui', 12000, 12000),
    (818, 'Bazel Helm Beta', 7, 14, 'ArmaduraCabeca', 'A descrição é colocada aqui', 12000, 12000),
    (819, 'Beo Helm+', 9, 14, 'ArmaduraCabeca', 'A descrição é colocada aqui', 10000, 10000),
    (820, 'Blossom Headgear', 3, 14, 'ArmaduraCabeca', 'A descrição é colocada aqui', 1500, 1500),
    (821, 'Blossom Headgear Alpha', 5, 14, 'ArmaduraCabeca', 'A descrição é colocada aqui', 4000, 4000),
    (822, 'Bone Helm', 1, 14, 'ArmaduraCabeca', 'Armadura tradicional feita de ossos de monstros. Acredite ou não, oferece um bom isolamento.', 200, 200),
    (823, 'Bone Helm Alpha', 5, 14, 'ArmaduraCabeca', 'A descrição é colocada aqui', 4000, 4000),
    (824, 'Bone Helm Beta', 5, 14, 'ArmaduraCabeca', 'A descrição é colocada aqui', 4000, 4000),
    (825, 'Brigade Lobos', 1, 14, 'ArmaduraCabeca', 'A descrição é colocada aqui', 3000, 3000),
    (826, 'Brigade Lobos Alpha', 1, 14, 'ArmaduraCabeca', 'A descrição é colocada aqui', 9000, 9000),
    (827, 'Brigade Lobos Beta', 4, 14, 'ArmaduraCabeca', 'A descrição é colocada aqui', 9000, 9000),
    (828, 'Butterfly Vertex', 3, 14, 'ArmaduraCabeca', 'A descrição é colocada aqui', 1500, 1500),
    (829, 'Butterfly Vertex Alpha', 5, 14, 'ArmaduraCabeca', 'A descrição é colocada aqui', 6000, 6000),
    (830, 'Butterfly Vertex Beta', 5, 14, 'ArmaduraCabeca', 'A descrição é colocada aqui', 6000, 6000),
    (831, 'Chainmail Headgear', 1, 14, 'ArmaduraCabeca', 'Armadura feita de elos de corrente tecidos. Seu design familiar inspira confiança nos caçadores que o usam.', 100, 100),
    (832, 'Chainmail Headgear Alpha', 5, 14, 'ArmaduraCabeca', 'A descrição é colocada aqui', 4000, 4000),
    (833, 'Chainmail Headgear beta', 5, 14, 'ArmaduraCabeca', 'A descrição é colocada aqui', 4000, 4000),
    (834, 'Commission Gorget Alpha', 8, 14, 'ArmaduraCabeca', 'A descrição é colocada aqui', 20000, 20000),
    (835, 'Commission Gorget Beta', 8, 14, 'ArmaduraCabeca', 'A descrição é colocada aqui', 20000, 20000),
    (836, 'Damascus Helm Alpha', 7, 14, 'ArmaduraCabeca', 'A descrição é colocada aqui', 12000, 12000),
    (837, 'Damascus Helm Beta', 7, 14, 'ArmaduraCabeca', 'A descrição é colocada aqui', 12000, 12000),
    (838, 'Dantes Hair Alpha', 8, 14, 'ArmaduraCabeca', 'A descrição é colocada aqui', 16000, 16000),
    (839, 'Death Stench Brain', 4, 14, 'ArmaduraCabeca', 'A descrição é colocada aqui', 12000, 12000),
    (840, 'Death Stench Brain Alpha', 7, 14, 'ArmaduraCabeca', 'A descrição é colocada aqui', 12000, 12000),
    (841, 'Death Stench Brain Beta', 7, 14, 'ArmaduraCabeca', 'A descrição é colocada aqui', 12000, 12000),
    (842, 'Diablos Helm', 4, 14, 'ArmaduraCabeca', 'A descrição é colocada aqui', 9000, 9000),
    (843, 'Diablos Helm Alpha', 6, 14, 'ArmaduraCabeca', 'A descrição é colocada aqui', 12000, 12000),
    (844, 'Diablos Helm Beta', 6, 14, 'ArmaduraCabeca', 'A descrição é colocada aqui', 9000, 9000),
    (845, 'Diablos Nero Helm Alpha', 7, 14, 'ArmaduraCabeca', 'A descrição é colocada aqui', 12000, 12000),
    (846, 'Diablos Nero Helm Beta', 7, 14, 'ArmaduraCabeca', 'A descrição é colocada aqui', 12000, 12000),
    (847, 'N/A', 9, 14, 'ArmaduraCabeca', 'N/A', 0, 0),
    (848, 'Dober Helm Alpha', 7, 14, 'ArmaduraCabeca', 'A descrição é colocada aqui', 12000, 12000),
    (849, 'Dober Helm Beta', 7, 14, 'ArmaduraCabeca', 'A descrição é colocada aqui', 12000, 12000),
    (850, 'Dodogama Helm Alpha', 5, 14, 'ArmaduraCabeca', 'A descrição é colocada aqui', 10000, 10000),
    (851, 'Dodogama Helm Beta', 5, 14, 'ArmaduraCabeca', 'A descrição é colocada aqui', 6000, 6000),
    (852, 'Drachen Armet Alpha', 8, 14, 'ArmaduraCabeca', 'A descrição é colocada aqui', 20000, 20000),
    (853, 'Dragonking Eyepatch Alpha', 8, 14, 'ArmaduraCabeca', 'Coloque este bebê para dobrar sua masculinidade instantaneamente. Ideal para rapazes e moças mais corajosos.', 16000, 16000),
    (854, 'Dragonseal Earrings ', 7, 14, 'ArmaduraCabeca', 'Brincos dignos concedidos aos combatentes da Arena. Um símbolo da vontade de se elevar acima do conflito.', 0, 0),
    (855, 'Empress Crown Alpha', 8, 14, 'ArmaduraCabeca', 'A descrição é colocada aqui', 20000, 20000),
    (856, 'Empress Crown Beta', 8, 14, 'ArmaduraCabeca', 'A descrição é colocada aqui', 20000, 20000),
    (857, 'Empress Crown Gamma', 8, 14, 'ArmaduraCabeca', 'A descrição é colocada aqui', 10000, 10000),
    (858, 'Faux Felyne Alpha', 6, 14, 'ArmaduraCabeca', 'A descrição é colocada aqui', 9000, 9000),
    (859, 'Gala Suit Top Hat', 4, 14, 'ArmaduraCabeca', 'A descrição é colocada aqui', 3000, 3000),
    (860, 'Gala Suit Top Hat Alpha', 7, 14, 'ArmaduraCabeca', 'A descrição é colocada aqui', 12000, 12000),
    (861, 'Gastodon Horn Alpha', 5, 14, 'ArmaduraCabeca', 'A descrição é colocada aqui', 6000, 6000),
    (862, 'Gastodon Horn Beta', 5, 14, 'ArmaduraCabeca', 'A descrição é colocada aqui', 6000, 6000),
    (863, 'Girros Headgear +', 9, 14, 'ArmaduraCabeca', 'A descrição é colocada aqui', 10000, 10000),
    (864, 'Girros Mask', 3, 14, 'ArmaduraCabeca', 'A descrição é colocada aqui', 1500, 1500),
    (865, 'Girros Mask Alpha', 5, 14, 'ArmaduraCabeca', 'A descrição é colocada aqui', 4000, 4000),
    (866, 'Girros Mask Beta', 5, 14, 'ArmaduraCabeca', 'A descrição é colocada aqui', 4000, 4000),
    (867, 'Golden Lunehelm Alpha +', 12, 14, 'ArmaduraCabeca', 'A descrição é colocada aqui', 24000, 24000),
    (868, 'Golden Lunehelm Beta +', 12, 14, 'ArmaduraCabeca', 'A descrição é colocada aqui', 24000, 24000),
    (869, 'Guild Cross Circlet Alpha', 8, 14, 'ArmaduraCabeca', 'A descrição é colocada aqui', 16000, 16000),
    (870, 'Guild Cross Circlet Beta', 8, 14, 'ArmaduraCabeca', 'A descrição é colocada aqui', 16000, 16000),
    (871, 'Guardian Helm Alpha +', 6, 14, 'ArmaduraCabeca', 'A descrição é colocada aqui', 10000, 10000),
    (872, 'Harvest Flor', 3, 14, 'ArmaduraCabeca', 'A descrição é colocada aqui', 1500, 1500),
    (873, 'Harvest Flor Alpha', 3, 14, 'ArmaduraCabeca', 'A descrição é colocada aqui', 9000, 9000),
    (874, 'High Metal Helm', 3, 14, 'ArmaduraCabeca', 'A descrição é colocada aqui', 1500, 1500),
    (875, 'High Metal Helm Alpha', 6, 14, 'ArmaduraCabeca', 'A descrição é colocada aqui', 9000, 9000),
    (876, 'High Metal Helm Beta', 6, 14, 'ArmaduraCabeca', 'A descrição é colocada aqui', 9000, 9000),
    (877, 'Hornetaur Helm', 3, 14, 'ArmaduraCabeca', 'A descrição é colocada aqui', 1500, 1500),
    (878, 'Hornetaur Helm Alpha', 5, 14, 'ArmaduraCabeca', 'A descrição é colocada aqui', 4000, 4000),
    (879, 'Hornetaur Helm Beta', 5, 14, 'ArmaduraCabeca', 'A descrição é colocada aqui', 4000, 4000),
    (880, 'Hunters Headgear', 1, 14, 'ArmaduraCabeca', 'Armadura amplamente utilizada entre os caçadores. Sua construção robusta dá paz de espírito.', 200, 200),
    (881, 'Hunters Headgear Alpha', 5, 14, 'ArmaduraCabeca', 'A descrição é colocada aqui', 4000, 4000),
    (882, 'Hunters Headgear Beta', 5, 14, 'ArmaduraCabeca', 'A descrição é colocada aqui', 4000, 4000),
    (883, 'Ingot Helm', 4, 14, 'ArmaduraCabeca', 'A descrição é colocada aqui', 3000, 3000),
    (884, 'Ingot Helm Alpha', 6, 14, 'ArmaduraCabeca', 'A descrição é colocada aqui', 3000, 3000),
    (885, 'Ingot Helm Beta', 6, 14, 'ArmaduraCabeca', 'A descrição é colocada aqui', 3000, 3000),
    (886, 'Jagras Helm', 1, 14, 'ArmaduraCabeca', 'A escama Diligentemente polida Great Jagras combina aço em bela harmonia nesta armadura.', 200, 200),
    (887, 'Jagras Helm Alpha', 5, 14, 'ArmaduraCabeca', 'A descrição é colocada aqui', 4000, 4000),
    (888, 'Jagras Helm Beta', 5, 14, 'ArmaduraCabeca', 'A descrição é colocada aqui', 4000, 4000),
    (889, 'Jyura Helm', 2, 14, 'ArmaduraCabeca', 'A descrição é colocada aqui', 500, 500),
    (890, 'Jyura Helm Alpha', 5, 14, 'ArmaduraCabeca', 'A descrição é colocada aqui', 6000, 6000),
    (891, 'Jyura Helm Beta', 5, 14, 'ArmaduraCabeca', 'A descrição é colocada aqui', 6000, 6000),
    (892, 'Kadachi Helm', 2, 14, 'ArmaduraCabeca', 'A descrição é colocada aqui', 500, 500),
    (893, 'Kadachi Helm Alpha', 5, 14, 'ArmaduraCabeca', 'A descrição é colocada aqui', 6000, 6000),
    (894, 'Kadachi Helm Beta', 5, 14, 'ArmaduraCabeca', 'A descrição é colocada aqui', 6000, 6000),
    (895, 'Kaiser Crown Alpha', 8, 14, 'ArmaduraCabeca', 'Forjada a partir de partes esculpidas em uma Teostra, esta armadura abriga a alma do Dragão Rei das Chamas.', 16000, 16000),
    (896, 'Kaiser Crown Beta', 8, 14, 'ArmaduraCabeca', 'A descrição é colocada aqui', 16000, 16000),
    (897, 'Kaiser Crown Gamma', 8, 14, 'ArmaduraCabeca', 'A descrição é colocada aqui', 20000, 20000),
    (898, 'King Beetle Vertex', 3, 14, 'ArmaduraCabeca', 'Armadura para cumprir as ambições daqueles que sonhavam em exercer o poder de governar bugdom.', 1500, 1500),
    (899, 'King Beetle Vertex Alpha', 5, 14, 'ArmaduraCabeca', 'A descrição é colocada aqui', 6000, 6000),
    (900, 'King Beetle Vertex Beta', 5, 14, 'ArmaduraCabeca', 'A descrição é colocada aqui', 6000, 6000),
    (901, 'Kirin Horn', 4, 14, 'ArmaduraCabeca', 'A descrição é colocada aqui', 3000, 3000),
    (902, 'Kirin Horn Alpha', 8, 14, 'ArmaduraCabeca', 'A descrição é colocada aqui', 16000, 16000),
    (903, 'Kirin Horn Beta', 8, 14, 'ArmaduraCabeca', 'A descrição é colocada aqui', 16000, 16000),
    (904, 'Kirin Horn Gamma', 8, 14, 'ArmaduraCabeca', 'A descrição é colocada aqui', 10000, 10000),
    (905, 'Kulu Headpiece', 1, 14, 'ArmaduraCabeca', 'A cor elegante e o belo design desta armadura Kulu-Ya-Ku a tornam eternamente popular.', 200, 200),
    (906, 'Kulu Headpiece Alpha', 5, 14, 'ArmaduraCabeca', 'A descrição é colocada aqui', 4000, 4000),
    (907, 'Kulu Headpiece Beta', 5, 14, 'ArmaduraCabeca', 'A descrição é colocada aqui', 4000, 4000),
    (908, 'Kulu-Ya-Ku Head Alpha', 5, 14, 'ArmaduraCabeca', 'A descrição é colocada aqui', 4000, 4000),
    (909, 'Kulve Taroths Fury Alpha', 8, 14, 'ArmaduraCabeca', 'A descrição é colocada aqui', 20000, 20000),
    (910, 'Kulve Taroths Fury Beta', 8, 14, 'ArmaduraCabeca', 'A descrição é colocada aqui', 20000, 20000),
    (912, 'Kushala Glare Alpha', 8, 14, 'ArmaduraCabeca', '"Armadura feita de peças de Kushala Daora. Assemelha-se à estátua de uma divindade antiga que ganha vida."', 16000, 16000),
    (913, 'Kushala Glare Beta', 8, 14, 'ArmaduraCabeca', 'A descrição é colocada aqui', 16000, 16000),
    (914, 'Lavasioth Helm Alpha', 5, 14, 'ArmaduraCabeca', 'A descrição é colocada aqui', 9000, 9000),
    (915, 'Lavasioth Helm Beta', 5, 14, 'ArmaduraCabeca', 'A descrição é colocada aqui', 9000, 9000),
    (916, 'Leather Headgear', 1, 14, 'ArmaduraCabeca', 'Armadura feita de couro de monstro tratado. Uma escolha segura, projetada para uso multiuso.', 100, 100),
    (917, 'Leather Headgear Alpha', 5, 14, 'ArmaduraCabeca', 'A descrição é colocada aqui', 4000, 4000),
    (918, 'Leather Headgear Beta', 5, 14, 'ArmaduraCabeca', 'A descrição é colocada aqui', 4000, 4000),
    (919, 'Legiana Helm', 4, 14, 'ArmaduraCabeca', 'A descrição é colocada aqui', 3000, 3000),
    (920, 'Legiana Helm +', 9, 14, 'ArmaduraCabeca', 'A descrição é colocada aqui', 10000, 10000),
    (921, 'Legiana Helm Alpha', 6, 14, 'ArmaduraCabeca', 'A descrição é colocada aqui', 9000, 9000),
    (922, 'Legiana Helm Beta', 6, 14, 'ArmaduraCabeca', 'A descrição é colocada aqui', 9000, 9000),
    (923, 'Lumu Hat', 3, 14, 'ArmaduraCabeca', 'A descrição é colocada aqui', 1500, 1500),
    (924, 'Lumu Hat Alpha', 5, 14, 'ArmaduraCabeca', 'A descrição é colocada aqui', 6000, 6000),
    (925, 'Lumu Hat Beta', 5, 14, 'ArmaduraCabeca', 'A descrição é colocada aqui', 6000, 6000),
    (926, 'Mosswine Mask Alpha', 5, 14, 'ArmaduraCabeca', 'A descrição é colocada aqui', 3000, 3000),
    (927, 'Nergigante Helm Alpha', 8, 14, 'ArmaduraCabeca', 'A descrição é colocada aqui', 16000, 16000),
    (928, 'Nergigante Helm Beta', 8, 14, 'ArmaduraCabeca', 'A descrição é colocada aqui', 16000, 16000),
    (929, 'Nergigante Helm Gamma', 8, 14, 'ArmaduraCabeca', 'A descrição é colocada aqui', 10000, 10000),
    (930, 'Odogaron Helm', 4, 14, 'ArmaduraCabeca', 'A descrição é colocada aqui', 3000, 3000),
    (931, 'Odogaron Helm Alpha', 6, 14, 'ArmaduraCabeca', 'A descrição é colocada aqui', 9000, 9000),
    (932, 'Odogaron Helm Beta', 6, 14, 'ArmaduraCabeca', 'A descrição é colocada aqui', 9000, 9000),
    (933, 'Orion Cap Alpha', 6, 14, 'ArmaduraCabeca', 'A descrição é colocada aqui', 1200, 1200),
    (934, 'Origin Helm', 1, 14, 'ArmaduraCabeca', 'A descrição é colocada aqui', 10000, 10000),
    (935, 'Pukei Hood', 1, 14, 'ArmaduraCabeca', 'A descrição é colocada aqui', 500, 500),
    (936, 'Pukei Hood Alpha', 5, 14, 'ArmaduraCabeca', 'A descrição é colocada aqui', 4000, 4000),
    (937, 'Pukei Hood Beta', 5, 14, 'ArmaduraCabeca', 'A descrição é colocada aqui', 4000, 4000),
    (938, 'Pulverizing Feather', 4, 14, 'ArmaduraCabeca', 'A descrição é colocada aqui', 0, 0),
    (939, 'Rath Heart Helm Alpha', 6, 14, 'ArmaduraCabeca', 'A descrição é colocada aqui', 9000, 9000),
    (940, 'Rath Heart Helm Beta', 6, 14, 'ArmaduraCabeca', 'A descrição é colocada aqui', 9000, 9000),
    (941, 'Rath Soul Helm Alpha', 7, 14, 'ArmaduraCabeca', 'A descrição é colocada aqui', 0, 0),
    (942, 'Rath Soul Helm Beta', 7, 14, 'ArmaduraCabeca', 'A descrição é colocada aqui', 12000, 12000),
    (943, 'Rathalos Helm', 4, 14, 'ArmaduraCabeca', 'A descrição é colocada aqui', 3000, 3000),
    (944, 'Rathalos Helm Alpha', 6, 14, 'ArmaduraCabeca', 'A descrição é colocada aqui', 9000, 9000),
    (945, 'Rathalos Helm Beta', 6, 14, 'ArmaduraCabeca', 'A descrição é colocada aqui', 9000, 9000),
    (946, 'Rathian Helm', 3, 14, 'ArmaduraCabeca', 'A descrição é colocada aqui', 1500, 1500),
    (947, 'Rathian Helm Alpha', 5, 14, 'ArmaduraCabeca', 'A descrição é colocada aqui', 6000, 6000),
    (948, 'Rathian Helm Beta', 5, 14, 'ArmaduraCabeca', 'A descrição é colocada aqui', 6000, 6000),
    (949, 'Ryus Head', 2, 14, 'ArmaduraCabeca', 'A descrição é colocada aqui', 10000, 10000),
    (950, 'Ryus Head Alpha', 7, 14, 'ArmaduraCabeca', 'A descrição é colocada aqui', 10000, 10000),
    (951, 'Sakuras Head Alpha', 6, 14, 'ArmaduraCabeca', 'A descrição é colocada aqui', 10000, 10000),
    (952, 'Sealed Eyepatch Alpha', 5, 14, 'ArmaduraCabeca', 'Um tapa-olho especial feito por encomenda. O pano emite um brilho preto, difícil de compreender.', 4000, 4000),
    (953, 'Shadow Shades Alpha', 5, 14, 'ArmaduraCabeca', 'Um par de tons sensatos. Você sempre ficará bem com eles, não importa a situação!', 4000, 4000),
    (954, 'Shamos Goggles', 3, 14, 'ArmaduraCabeca', 'A descrição é colocada aqui', 1500, 1500),
    (955, 'Shamos Goggles Alpha', 5, 14, 'ArmaduraCabeca', 'A descrição é colocada aqui', 4000, 4000),
    (956, 'Shamos Goggles Beta', 5, 14, 'ArmaduraCabeca', 'A descrição é colocada aqui', 4000, 4000),
    (957, 'Skull Mask Alpha', 7, 14, 'ArmaduraCabeca', 'Personifique os mortos com esta máscara macabra. Desgastado por muito tempo, pode fazer sua alma vagar.', 12000, 12000),
    (958, 'Strategist Spectacles Alpha', 6, 14, 'ArmaduraCabeca', 'A descrição é colocada aqui', 9000, 9000),
    (959, 'Tzitzi Headgear', 3, 14, 'ArmaduraCabeca', 'A descrição é colocada aqui', 1500, 1500),
    (960, 'Tzitzi Headgear Alpha', 5, 14, 'ArmaduraCabeca', 'A descrição é colocada aqui', 6000, 6000),
    (961, 'Tzitzi Headgear Beta', 5, 14, 'ArmaduraCabeca', 'A descrição é colocada aqui', 6000, 6000),
    (962, 'Uragaan Helm Alpha', 7, 14, 'ArmaduraCabeca', 'A descrição é colocada aqui', 12000, 12000),
    (963, 'Uragaan Helm Beta', 7, 14, 'ArmaduraCabeca', 'A descrição é colocada aqui', 12000, 12000),
    (964, 'Vaal Hazak Helm Alpha', 8, 14, 'ArmaduraCabeca','A descrição é colocada aqui', 16000, 16000),
    (965, 'Vaal Hazak Helm Beta', 8, 14, 'ArmaduraCabeca', 'A descrição é colocada aqui', 16000, 16000),
    (966, 'Vangis Helm Alpha', 7, 14, 'ArmaduraCabeca', 'A descrição é colocada aqui', 12000, 12000),
    (967, 'Vangis Helm Beta', 7, 14, 'ArmaduraCabeca', 'A descrição é colocada aqui', 12000, 12000),
    (968, 'Vespoid Helm', 1, 14, 'ArmaduraCabeca',  'A descrição é colocada aqui', 200, 200),
    (969, 'Vespoid Helm Alpha', 5, 14, 'ArmaduraCabeca',  'A descrição é colocada aqui', 4000, 4000),
    (970, 'Vespoid Helm Beta', 5, 14, 'ArmaduraCabeca',  'A descrição é colocada aqui', 4000, 4000),
    (971, 'Wiggler Head Alpha', 5, 14, 'ArmaduraCabeca',  'A descrição é colocada aqui', 4000, 4000),
    (972, 'Xenojiiva Headgear Alpha', 8, 14, 'ArmaduraCabeca',  'A descrição é colocada aqui', 20000, 20000),
    (973, 'Xenojiiva Headgear Beta', 8, 14, 'ArmaduraCabeca', 'A descrição é colocada aqui', 20000, 20000),
    (974, 'Zorah Headgear Alpha', 6, 14, 'ArmaduraCabeca', 'A descrição é colocada aqui', 9000, 9000),
    (975, 'Zorah Headgear Beta', 6, 14, 'ArmaduraCabeca', 'A descrição é colocada aqui', 9000, 9000),
    (976, 'Zorah Headgear Gamma', 8, 14, 'ArmaduraCabeca', 'A descrição é colocada aqui', 20000, 20000);

INSERT INTO Armadura (IdArmadura, Defesa, Fogo, Agua, Raio, Gelo, Dragao) VALUES
    (802, 8, -2, 1, -2, -2, 1),
    (803, 36, -2, 0, -2, -2, 0),
    (804, 36, -2, 0, -2, -2, 0),
    (805, 20, 0, 0, 0, 0, 0),
    (806, 130, 3, -3, -1, -1, 0),
    (807, 44, 3, -3, -1, -1, 0),
    (808, 44, 3, -3, -1, -1, 0),
    (809, 56, 2, 2, 0, 0, 3),
    (810, 24, 0, 2, 0, -1, -2),
    (811, 46, 0, 2, 0, -1, -2),
    (812, 46, 0, 2, 0, -1, -2),
    (813, 100, -2, 2, -1, 3, -3),
    (814, 14, -3, -1, 3, -1, 0),
    (815, 42, -3, -1, 3, -1, 0),
    (816, 42, -3, -1, 3, -1, 0),
    (817, 58, 3, 1, -4, -2, -2),
    (818, 58, 3, 1, -4, -2, -2),
    (819, 130, -3, 0, -2, 3, 2),
    (820, 18, 1, 1, 4, 1, 1),
    (821, 40, 1, 1, 4, 1, 1),
    (822, 6, 2, 0, 2, 0, 2),
    (823, 36, 2, 0, 2, 0, 2),
    (824, 36, 2, 0, 2, 0, 2),
    (825, 28, 1, 0, 2, 0, 2),
    (826, 52, 1, 0, 2, 0, 2),
    (827, 52, 1, 0, 2, 0, 2),
    (828, 22, -1, -1, 2, 0, 2),
    (829, 42, -1, -1, 2, 0, 2),
    (830, 42, -1, -1, 2, 0, 2),
    (831, 2, 0, 2, 0, 0, 0),
    (832, 32, 0, 2, 0, 0, 0),
    (833, 32, 0, 2, 0, 0, 0),
    (834, 70, 2, 2, 2, 2, 2),
    (835, 70, 2, 2, 2, 2, 2),
    (836, 60, 4, -2, 0, 0, 0),
    (837, 60, 4, -2, 0, 0, 0),
    (838, 64, 3, -3, 3, -3, 3),
    (839, 32, 3, 2, -2, 3, -4),
    (840, 62, 3, 2, -2, 3, -4),
    (841, 62, 3, 2, -2, 3, -4),
    (842, 32, 3, -2, 0, -3, 2),
    (843, 54, 3, -2, 0, -3, 2),
    (844, 54, 3, -2, 0, -3, 2),
    (845, 56, 3, -3, 0, -4, 2),
    (846, 56, 3, -3, 0, -4, 2),
    (847, 0, 0, 0, 0, 0, 0),
    (848, 60, -2, 2, -1, -1, 4),
    (849, 60, -2, 2, -1, -1, 4),
    (850, 48, 2, 0, -3, 2, 0),
    (851, 48, 2, 0, -3, 2, 0),
    (852, 72, -2, -2, 3, -2, 4),
    (853, 70, 0, 0, 0, 0, 0),
    (854, 60, 0, 0, 0, 0, 0),
    (855, 70, 3, 1, 1, -3, -2),
    (856, 70, 3, 1, 1, -3, -2),
    (857, 70, 3, 1, 1, -3, -2),
    (858, 56, 2, 2, 2, 2, 2),
    (859, 34, 1, 1, 1, 1, 4),
    (860, 64, 1, 1, 1, 1, 4),
    (861, 48, 3, 0, 0, 0, 0),
    (862, 48, 3, 0, 0, 0, 0),
    (863, 130, 0, -3, 2, 0, 1),
    (864, 20, 0, -3, 2, 0, 1),
    (865, 40, 0, -3, 2, 0, 1),
    (866, 40, 0, -3, 2, 0, 1),
    (867, 162, 3, -2, -4, 0, 4),
    (868, 162, 3, -2, -4, 0, 4),
    (869, 68, 0, 0, 0, 0, 0),
    (870, 68, 0, 0, 0, 0, 0),
    (871, 50, 2, 0, 0, 2, 3),
    (872, 26, 4, 1, 1, 1, 1),
    (873, 52, 4, 1, 1, 1, 1),
    (874, 18, 0, -1, -2, 3, 0),
    (875, 50, 0, -1, -2, 3, 0),
    (876, 50, 0, -1, -2, 3, 0),
    (877, 18, -1, -1, 0, 0, 2),
    (878, 38, -1, -1, 0, 0, 2),
    (879, 38, -1, -1, 0, 0, 2),
    (880, 6, 2, 2, 0, 0, 0),
    (881, 36, 2, 2, 0, 0, 0),
    (882, 36, 2, 2, 0, 0, 0),
    (883, 28, -2, 0, 3, -1, 0),
    (884, 50, -2, 0, 3, -1, 0),
    (885, 50, -2, 0, 3, -1, 0),
    (886, 8, -2, 2, -1, -1, 1),
    (887, 40, -2, 2, -1, -1, 1),
    (888, 40, -2, 2, -1, -1, 1),
    (889, 14, -1, 2, -3, 0, 0),
    (890, 44, -1, 2, -3, 0, 0),
    (891, 44, -1, 2, -3, 0, 0),
    (892, 16, 0, -3, 3, 0, 0),
    (893, 44, 0, -3, 3, 0, 0),
    (894, 44, 0, -3, 3, 0, 0),
    (895, 64, 3, -3, 1, -3, 1),
    (896, 64, 3, -3, 1, -3, 1),
    (897, 72, 3, -3, 1, -3, 1),
    (898, 22, -1, -1, 2, 0, 2),
    (899, 42, -1, -1, 2, 0, 2),
    (900, 42, -1, -1, 2, 0, 2),
    (901, 34, -3, -2, 4, -2, 2),
    (902, 64, -3, -2, 4, -2, 2),
    (903, 64, -3, -2, 4, -2, 2),
    (904, 64, -3, -2, 4, -2, 2),
    (905, 10, 0, 0, 0, 0, 0),
    (906, 40, 0, 0, 0, 0, 0),
    (907, 40, 0, 0, 0, 0, 0),
    (908, 46, 2, 0, 2, 3, 2),
    (909, 72, 4, -2, 3, -4, -2),
    (910, 72, 4, -2, 3, -4, -2),
    (912, 64, 0, 2, -3, 4, -2),
    (913, 64, 0, 2, -3, 4, -2),
    (914, 56, 3, -3, 1, -2, 2),
    (915, 56, 3, -3, 1, -2, 2),
    (916, 2, 2, 0, 0, 0, 0),
    (917, 32, 2, 0, 0, 0, 0),
    (918, 32, 2, 0, 0, 0, 0),
    (919, 30, -1, 2, -3, 3, 0),
    (920, 130, -1, 2, -3, 3, 0),
    (921, 54, -1, 2, -3, 3, 0),
    (922, 54, -1, 2, -3, 3, 0),
    (923, 20, -3, 2, 0, 1, 0),
    (924, 44, -3, 2, 0, 1, 0),
    (925, 44, -3, 2, 0, 1, 0),
    (926, 40, 2, 2, 2, 2, 2),
    (927, 64, 1, 1, -3, 1, -3),
    (928, 64, 1, 1, -3, 1, -3),
    (929, 72, 1, 1, -3, 1, -3),
    (930, 30, 2, 2, -2, -3, 2),
    (931, 54, 2, 2, -2, -3, 2),
    (932, 54, 2, 2, -2, -3, 2),
    (933, 58, 1, 1, 1, 4, 1),
    (934, 100, 100, 100, 100, 100, 100),
    (935, 12, 0, 0, 0, 0, 0),
    (936, 42, 0, 0, 0, 0, 0),
    (937, 42, 0, 0, 0, 0, 0),
    (938, 32, 0, 0, 0, 0, 0),
    (939, 52, 3, 0, -3, 0, -4),
    (940, 52, 3, 0, -3, 0, -4),
    (941, 56, 0, 0, 0, 0, 0),
    (942, 56, 3, 2, 2, -3, -4),
    (943, 30, 3, 1, -2, 1, -3),
    (944, 54, 3, 1, -2, 1, -3),
    (945, 54, 3, 1, -2, 1, -3),
    (946, 22, 2, 0, -2, 0, -3),
    (947, 46, 2, 0, -2, 0, -3),
    (948, 46, 2, 0, -2, 0, -3),
    (949, 12, 2, 0, 5, -3, 2),
    (950, 60, 2, 0, 5, -3, 2),
    (951, 50, 0, 4, 0, 4, -2),
    (952, 46, 3, 2, 0, 2, 0),
    (953, 46, 4, 0, 4, 2, 0),
    (954, 22, 2, 2, 0, - 3, 0),
    (955, 40, 2, 2, 0, -3, 0),
    (956, 40, 2, 2, 0, -3, 0),
    (957, 64, -3, -1, -1, -1, 2),
    (958, 56, 2, 2, 2, 2, 2),
    (959, 18, 0, 0, -3, -2, 0),
    (960, 40, 0, 0, -3, -2, 0),
    (961, 40, 0, 0, -3, -2, 0),
    (962, 60, 4, -3, 1, -2, -2),
    (963, 60, 4, -3, 1, -2, -2),
    (964, 64, -4, 4, 1, -1, -3),
    (965, 64, -4, 4, 1, -1, -3),
    (966, 58, 1, 1, -3, 2, -3),
    (967, 58, 1, 1, -3, 2, -3),
    (968, 8, -2, 1, 1, 1, 2),
    (969, 38, -2, 1, 1, 1, 2),
    (970, 38, -2, 1, 1, 1, 2),
    (971, 46, 0, 4, 0, 0, 4),
    (972, 72, -3, 2, 2, 2, -4),
    (973, 72, -3, 2, 2, 2, -4),
    (974, 44, 4, -3, -1, -2, -3),
    (975, 44, 4, -3, -1, -2, -3),
    (976, 72, 4, -3, -1, -2, -3);

INSERT INTO Item (IdItem, Nome, Raridade, Tipo, Funcao, Descricao, ValorVenda, CustoCompra) VALUES
    (977, 'Alloy Mail', 2, 15, 'ArmaduraPeito', 'Armor made of fine machalite ore. What it lacks in charm it more than makes up in defense.', 500, 500),
    (978, 'Alloy Mail Alpha', 5, 15, 'ArmaduraPeito', 'Description goes here.', 4000, 4000),
    (979, 'Alloy Mail Beta', 5, 15, 'ArmaduraPeito', 'Description goes here.', 4000, 4000),
    (980, 'Anja Mail', 3, 15, 'ArmaduraPeito', 'Crafted to mimic a particular tribes costume. The pelt used is a prayer for a good harvest.', 1500, 1500),
    (981, 'Anja Mail +', 9, 15, 'ArmaduraPeito', 'Description goes here.', 10000, 10000),
    (982, 'Anja Mail Alpha', 5, 15, 'ArmaduraPeito', 'Description goes here.', 6000, 6000),
    (983, 'Anja Mail Beta', 5, 15, 'ArmaduraPeito', 'Description goes here.', 6000, 6000),
    (984, 'Azure Starlord Armor Alpha', 7, 15, 'ArmaduraPeito', 'Description goes here.', 12000, 12000),
    (985, 'Baan Mail', 3, 15, 'ArmaduraPeito', 'Description goes here.', 1500, 1500),
    (986, 'Baan Mail Alpha', 6, 15, 'ArmaduraPeito', 'Description goes here.', 6000, 6000),
    (987, 'Baan Mail Beta', 6, 15, 'ArmaduraPeito', 'Description goes here.', 6000, 6000),
    (988, 'Banbaro Mail +', 9, 15, 'ArmaduraPeito', 'Description goes here.', 10000, 10000),
    (989, 'Barnos Jacket Alpha', 5, 15, 'ArmaduraPeito', 'Description goes here.', 6000, 6000),
    (990, 'Barnos Jacket Beta', 5, 15, 'ArmaduraPeito', 'Description goes here.', 10000, 10000),
    (991, 'Barroth Mail', 2, 15, 'ArmaduraPeito', 'Description goes here.', 500, 500),
    (992, 'Barroth Mail Alpha', 5, 15, 'ArmaduraPeito', 'Description goes here.', 4000, 4000),
    (993, 'Barroth Mail Beta', 5, 15, 'ArmaduraPeito', 'Description goes here.', 4000, 4000),
    (994, 'Bazel Mail Alpha', 7, 15, 'ArmaduraPeito', 'Description goes here.', 12000, 12000),
    (995, 'Bazel Mail Beta', 7, 15, 'ArmaduraPeito', 'Description goes here.', 12000, 12000),
    (996, 'Beo Mail +', 9, 15, 'ArmaduraPeito', 'Description goes here.', 10000, 10000),
    (997, 'Blossom Vest', 3, 15, 'ArmaduraPeito', 'Description goes here.', 1500, 1500),
    (998, 'Blossom Vest Alpha', 5, 15, 'ArmaduraPeito', 'Description goes here.', 4000, 4000),
    (999, 'Bone Mail', 1, 15, 'ArmaduraPeito', 'Traditional armor crafted from monster bones. Believe it or not, it offers pretty good insulation.', 200, 200),
    (1000, 'Bone Mail Alpha', 5, 15, 'ArmaduraPeito', 'Description goes here.', 4000, 4000),
    (1001, 'Bone Mail Beta', 5, 15, 'ArmaduraPeito', 'Description goes here.', 4000, 4000),
    (1002, 'Brigade Suit', 1, 15, 'ArmaduraPeito', 'Description goes here.', 3000, 3000),
    (1003, 'Brigade Suit Alpha', 1, 15, 'ArmaduraPeito', 'Description goes here.', 9000, 9000),
    (1004, 'Brigade Suit Beta', 1, 15, 'ArmaduraPeito', 'Description goes here.', 3000, 3000),
    (1005, 'Butterfly Thorax', 3, 15, 'ArmaduraPeito', 'Description goes here.', 1500, 1500),
    (1006, 'Butterfly Thorax Alpha', 5, 15, 'ArmaduraPeito', 'Description goes here.', 6000, 6000),
    (1007, 'Butterfly Thorax Beta', 5, 15, 'ArmaduraPeito', 'Description goes here.', 6000, 6000),
    (1008, 'Chainmail Vest', 1, 15, 'ArmaduraPeito', 'Armor made of woven chain links. Its familiar design inspires trust in hunters who wear it.', 100, 100),
    (1009, 'Chainmail Armor Alpha', 5, 15, 'ArmaduraPeito', 'Description goes here.', 4000, 4000),
    (1010, 'Chainmail Armor Beta', 5, 15, 'ArmaduraPeito', 'Description goes here.', 4000, 4000),
    (1011, 'Commission Jacket Alpha', 1, 15, 'ArmaduraPeito', 'Description goes here.', 20000, 20000),
    (1012, 'Commission Jacket Beta', 1, 15, 'ArmaduraPeito', 'Description goes here.', 20000, 20000),
    (1013, 'Damascus Mail Alpha', 7, 15, 'ArmaduraPeito', 'Description goes here.', 12000, 12000),
    (1014, 'Damascus Mail Beta', 7, 15, 'ArmaduraPeito', 'Description goes here.', 12000, 12000),
    (1015, 'Dantes Coat Alpha', 8, 15, 'ArmaduraPeito', 'Description goes here.', 16000, 16000),
    (1016, 'Death Stench Muscle', 4, 15, 'ArmaduraPeito', 'Description goes here.', 12000, 12000),
    (1017, 'Death Stench Muscle Alpha', 7, 15, 'ArmaduraPeito', 'Description goes here.', 12000, 12000),
    (1018, 'Death Stench Muscle Beta', 7, 15, 'ArmaduraPeito', 'Description goes here.', 12000, 12000),
    (1019, 'Diablos Mail', 4, 15, 'ArmaduraPeito', 'Description goes here.', 9000, 9000),
    (1020, 'Diablos Mail Alpha', 6, 15, 'ArmaduraPeito', 'Description goes here.', 12000, 12000),
    (1021, 'Diablos Mail Beta', 6, 15, 'ArmaduraPeito', 'Description goes here.', 9000, 9000),
    (1022, 'Diablos Nero Mail Alpha', 7, 15, 'ArmaduraPeito', 'Description goes here.', 12000, 12000),
    (1023, 'Diablos Nero Mail Beta', 7, 15, 'ArmaduraPeito', 'Description goes here.', 12000, 12000),
    (1024, 'Direwolf Mail', 9, 15, 'ArmaduraPeito', 'Description goes here.', 0, 0),
    (1025, 'Dober Mail Alpha', 7, 15, 'ArmaduraPeito', 'Description goes here.', 12000, 12000),
    (1026, 'Dober Mail Beta', 7, 15, 'ArmaduraPeito', 'Description goes here.', 12000, 12000),
    (1027, 'Dodogama Mail Alpha', 5, 15, 'ArmaduraPeito', 'Description goes here.', 10000, 10000),
    (1028, 'Dodogama Mail Beta', 5, 15, 'ArmaduraPeito', 'Description goes here.', 6000, 6000),
    (1029, 'Drachen Mail Alpha', 8, 15, 'ArmaduraPeito', 'Description goes here.', 20000, 20000),
    (1030, 'Empress Mail Alpha', 8, 15, 'ArmaduraPeito', 'Description goes here.', 20000, 20000),
    (1031, 'Empress Mail Beta', 8, 15, 'ArmaduraPeito', 'Description goes here.', 20000, 20000),
    (1032, 'Empress Mail Gamma', 8, 15, 'ArmaduraPeito', 'Description goes here.', 0, 0),
    (1033, 'Gala Suit Jacket Alpha', 7, 15, 'ArmaduraPeito', 'Description goes here.', 12000, 12000),
    (1034, 'Gala Suit Jacket', 4, 15, 'ArmaduraPeito', 'Description goes here.', 3000, 3000),
    (1035, 'Girros Mail', 3, 15, 'ArmaduraPeito', 'Description goes here.', 1500, 1500),
    (1036, 'Harvest Tronco', 9, 15, 'ArmaduraPeito', 'Description goes here.', 1500, 1500),
    (1037, 'Girros Mail Alpha', 5, 15, 'ArmaduraPeito', 'Description goes here.', 4000, 4000),
    (1039, 'Golden Lunemail Alpha +', 12, 15, 'ArmaduraPeito', 'Description goes here.', 24000, 24000),
    (1040, 'Golden Lunemail Beta +', 12, 15, 'ArmaduraPeito', 'Description goes here.', 24000, 24000),
    (1041, 'Guild Cross Suit Alpha', 8, 15, 'ArmaduraPeito', 'Description goes here.', 16000, 16000),
    (1042, 'Guild Cross Suit Beta', 8, 15, 'ArmaduraPeito', 'Description goes here.', 16000, 16000),
    (1043, 'Guardian Suit Alpha +', 6, 15, 'ArmaduraPeito', 'The mail of a knight sworn to the citys defense. The defense it offers is nigh-impregnable.', 10000, 10000),
    (1044, 'Harvest Tronco', 3, 15, 'ArmaduraPeito', 'Description goes here.', 1500, 1500),
    (1045, 'Harvest Tronco Alpha', 3, 15, 'ArmaduraPeito', 'Description goes here.', 9000, 9000),
    (1046, 'High Metal Mail', 3, 15, 'ArmaduraPeito', 'Description goes here.', 1500, 1500),
    (1047, 'High Metal Mail Alpha', 5, 15, 'ArmaduraPeito', 'Description goes here.', 9000, 9000),
    (1048, 'High Metal Mail Beta', 6, 15, 'ArmaduraPeito', 'Description goes here.', 9000, 9000),
    (1049, 'Hornetaur Mail', 3, 15, 'ArmaduraPeito', 'Description goes here.', 1500, 1500),
    (1050, 'Hornetaur Mail Alpha', 5, 15, 'ArmaduraPeito', 'Description goes here.', 4000, 4000),
    (1051, 'Hornetaur Mail Beta', 5, 15, 'ArmaduraPeito', 'Description goes here.', 4000, 4000),
    (1052, 'Hunters Mail', 1, 15, 'ArmaduraPeito', 'Armor widely used among hunters. Designed to withstand all sorts of weather.', 200, 200),
    (1053, 'Hunters Mail Alpha', 5, 15, 'ArmaduraPeito', 'Description goes here.', 4000, 4000),
    (1054, 'Hunters Mail Beta', 5, 15, 'ArmaduraPeito', 'Description goes here.', 4000, 4000),
    (1055, 'Ingot Mail', 4, 15, 'ArmaduraPeito', 'Description goes here.', 3000, 3000),
    (1056, 'Ingot Mail Alpha', 6, 15, 'ArmaduraPeito', 'Description goes here.', 3000, 3000),
    (1057, 'Ingot Mail Beta', 6, 15, 'ArmaduraPeito', 'Description goes here.', 3000, 3000),
    (1058, 'Jagras Mail', 1, 15, 'ArmaduraPeito', 'Diligently polished Great Jagras scale marries steel in beautiful harmony in this armor.', 200, 200),
    (1059, 'Jagras Mail Alpha', 5, 15, 'ArmaduraPeito', 'Description goes here.', 4000, 4000),
    (1060, 'Jagras Mail Beta', 5, 15, 'ArmaduraPeito', 'Description goes here.', 4000, 4000),
    (1061, 'Jyura Mail', 2, 15, 'ArmaduraPeito', 'Description goes here.', 500, 500),
    (1062, 'Jyura Mail Alpha', 5, 15, 'ArmaduraPeito', 'Description goes here.', 6000, 6000),
    (1063, 'Jyura Mail Beta', 5, 15, 'ArmaduraPeito', 'Description goes here.', 6000, 6000),
    (1064, 'Kadachi Mail', 2, 15, 'ArmaduraPeito', 'Description goes here.', 500, 500),
    (1065, 'Kadachi Mail Alpha', 5, 15, 'ArmaduraPeito', 'Description goes here.', 6000, 6000),
    (1066, 'Kadachi Mail Beta', 5, 15, 'ArmaduraPeito', 'Description goes here.', 6000, 6000),
    (1067, 'Kaiser Mail Alpha', 8, 15, 'ArmaduraPeito', 'Description goes here.', 16000, 16000),
    (1068, 'Kaiser Mail Beta', 8, 15, 'ArmaduraPeito', 'Description goes here.', 16000, 16000),
    (1069, 'Kaiser Mail Gamma', 8, 15, 'ArmaduraPeito', 'Description goes here.', 20000, 20000),
    (1070, 'King Beetle Thorax', 3, 15, 'ArmaduraPeito', 'Armor to fulfill the ambitions of those who dreamed of wielding the power to rule over bugdom.', 1500, 1500),
    (1071, 'King Beetle Thorax Alpha', 5, 15, 'ArmaduraPeito', 'Description goes here.', 6000, 6000),
    (1072, 'King Beetle Thorax Beta', 5, 15, 'ArmaduraPeito', 'Description goes here.', 6000, 6000),
    (1073, 'Kirin Jacket', 4, 15, 'ArmaduraPeito', 'Description goes here.', 3000, 3000),
    (1074, 'Kirin Jacket Alpha', 8, 15, 'ArmaduraPeito', 'Description goes here.', 16000, 16000),
    (1075, 'Kirin Jacket Beta', 8, 15, 'ArmaduraPeito', 'Description goes here.', 16000, 16000),
    (1076, 'Kirin Jacket Gamma', 8, 15, 'ArmaduraPeito', 'Description goes here.', 10000, 10000),
    (1077, 'Kulu Mail', 1, 15, 'ArmaduraPeito', 'Description goes here.', 200, 200),
    (1078, 'Kulu Mail Alpha', 5, 15, 'ArmaduraPeito', 'Description goes here.', 4000, 4000),
    (1079, 'Kulu Mail Beta', 4, 15, 'ArmaduraPeito', 'Description goes here.', 4000, 4000),
    (1080, 'Kulve Taroths Ire Alpha', 8, 15, 'ArmaduraPeito', 'Description goes here.', 20000, 20000),
    (1081, 'Kulve Taroths Ire Beta', 8, 15, 'ArmaduraPeito', 'Description goes here.', 20000, 20000),
    (1082, 'Kushala Cista Alpha', 8, 15, 'ArmaduraPeito', 'Description goes here.', 16000, 16000),
    (1083, 'Kushala Cista Beta', 8, 15, 'ArmaduraPeito', 'Description goes here.', 16000, 16000),
    (1084, 'Lavasioth Mail Alpha', 5, 15, 'ArmaduraPeito', 'Description goes here.', 9000, 9000),
    (1085, 'Lavasioth Mail Beta', 5, 15, 'ArmaduraPeito', 'Description goes here.', 9000, 9000),
    (1086, 'Leather Mail', 1, 15, 'ArmaduraPeito', 'Armor made of treated monster hide. A safe choice, designed for multi-purpose use.', 100, 100),
    (1087, 'Leather Mail Alpha', 5, 15, 'ArmaduraPeito', 'Description goes here.', 4000, 4000),
    (1088, 'Leather Mail Beta', 5, 15, 'ArmaduraPeito', 'Description goes here.', 4000, 4000),
    (1089, 'Legiana Mail', 4, 15, 'ArmaduraPeito', 'Description goes here.', 3000, 3000),
    (1090, 'Legiana Mail Alpha', 6, 15, 'ArmaduraPeito', 'Description goes here.', 9000, 9000),
    (1091, 'Legiana Mail Beta', 6, 15, 'ArmaduraPeito', 'Description goes here.', 9000, 9000),
    (1092, 'Lumu Mail', 3, 15, 'ArmaduraPeito', 'Description goes here.', 1500, 1500),
    (1093, 'Lumu Mail Alpha', 5, 15, 'ArmaduraPeito', 'Description goes here.', 6000, 6000),
    (1094, 'Lumu Mail Beta', 5, 15, 'ArmaduraPeito', 'Description goes here.', 6000, 6000),
    (1095, 'Nergigante Mail Alpha', 8, 15, 'ArmaduraPeito', 'Description goes here.', 16000, 16000),
    (1096, 'Nergigante Mail Beta', 8, 15, 'ArmaduraPeito', 'Description goes here.', 16000, 16000),
    (1097, 'Nergigante Mail Gamma', 8, 15, 'ArmaduraPeito', 'Description goes here.', 10000, 10000),
    (1098, 'Odogaron Mail', 4, 15, 'ArmaduraPeito', 'Description goes here.', 3000, 3000),
    (1099, 'Odogaron Mail Alpha', 6, 15, 'ArmaduraPeito', 'Description goes here.', 9000, 9000),
    (1100, 'Odogaron Mail Beta', 5, 15, 'ArmaduraPeito', 'Description goes here', 9000, 9000),
    (1101, 'Orion Vest Alpha', 6, 15, 'ArmaduraPeito', 'Description goes here.', 1200, 1200),
    (1102, 'Origin Mail', 1, 15, 'ArmaduraPeito', 'Description goes here.', 10000, 10000),
    (1103, 'Pukei Mail', 2, 15, 'ArmaduraPeito', 'Description goes here.', 500, 500),
    (1104, 'Pukei Mail Alpha', 5, 15, 'ArmaduraPeito', 'Description goes here.', 500, 500),
    (1105, 'Pukei Mail Beta', 5, 15, 'ArmaduraPeito', 'Description goes here.', 500, 500),
    (1106, 'Rath Heart Mail Alpha', 6, 15, 'ArmaduraPeito', 'Description goes here.', 9000, 9000),
    (1107, 'Rath Heart Mail Beta', 6, 15, 'ArmaduraPeito', 'Description goes here.', 9000, 9000),
    (1108, 'Rath Soul Mail Alpha', 7, 15, 'ArmaduraPeito', 'Description goes here.', 12000, 12000),
    (1109, 'Rath Soul Mail Beta', 7, 15, 'ArmaduraPeito', 'Description goes here.', 12000, 12000),
    (1110, 'Rathalos Mail', 4, 15, 'ArmaduraPeito', 'Crafted from the parts carved from the King of the Skies, this crimson armor boasts overwhelming defense.', 3000, 3000),
    (1111, 'Rathalos Mail Alpha', 6, 15, 'ArmaduraPeito', 'Crafted from the parts carved from the King of the Skies, this crimson armor boasts overwhelming defense.', 9000, 9000),
    (1112, 'Rathalos Mail Beta', 6, 15, 'ArmaduraPeito', 'Crafted from the parts carved from the King of the Skies, this crimson armor boasts overwhelming defense.', 9000, 9000),
    (1113, 'Rathian Mail', 3, 15, 'ArmaduraPeito', 'Description goes here.', 1500, 1500),
    (1114, 'Rathian Mail Alpha', 5, 15, 'ArmaduraPeito', 'Description goes here.', 1500, 1500),
    (1115, 'Rathian Mail Beta', 5, 15, 'ArmaduraPeito', 'Description goes here.', 1500, 1500),
    (1116, 'Ryus Karate Gi', 2, 15, 'ArmaduraPeito', 'Description goes here.', 10000, 10000),
    (1117, 'Ryus Karate Gi Alpha', 7, 15, 'ArmaduraPeito', 'Description goes here.', 10000, 10000),
    (1118, 'Sakuras Work Uniform Alpha', 6, 15, 'ArmaduraPeito', 'Description goes here.', 10000, 10000),
    (1119, 'Tzitzi Mail', 3, 15, 'ArmaduraPeito', 'Description goes here.', 1500, 1500),
    (1120, 'Tzitzi Mail Alpha', 5, 15, 'ArmaduraPeito', 'Description goes here.', 6000, 6000),
    (1121, 'Tzitzi Mail Beta', 5, 15, 'ArmaduraPeito', 'Description goes here.', 6000, 6000),
    (1122, 'Uragaan Mail Alpha', 7, 15, 'ArmaduraPeito', 'Description goes here.', 12000, 12000),
    (1123, 'Uragaan Mail Beta', 7, 15, 'ArmaduraPeito', 'Description goes here.', 12000, 12000),
    (1124, 'Vaal Hazak Mail Alpha', 8, 15, 'ArmaduraPeito', 'Description goes here.', 16000, 16000),
    (1125, 'Vaal Hazak Mail Beta', 8, 15, 'ArmaduraPeito', 'Description goes here.', 16000, 16000),
    (1126, 'Vangis Mail Alpha', 7, 15, 'ArmaduraPeito', 'Deviljho armor that bestows epic power to its wearer, at the cost for a never-ending thirst for flesh.', 12000, 12000),
    (1127, 'Vangis Mail Beta', 7, 15, 'ArmaduraPeito', 'Deviljho armor that bestows epic power to its wearer, at the cost for a never-ending thirst for flesh.', 12000, 12000),
    (1128, 'Vespoid Mail', 1, 15, 'ArmaduraPeito', 'Armor made from hard Vespoid carapace. Though weak to fire element, it offers solid defense.', 200, 200),
    (1129, 'Vespoid Mail Alpha', 5, 15, 'ArmaduraPeito', 'Armor made from hard Vespoid carapace. Though weak to fire element, it offers solid defense.', 4000, 4000),
    (1130, 'Vespoid Mail Beta', 5, 15, 'ArmaduraPeito', 'Armor made from hard Vespoid carapace. Though weak to fire element, it offers solid defense.', 4000, 4000),
    (1131, 'Xenojiiva Hide Alpha', 8, 15, 'ArmaduraPeito', 'Description goes here.', 20000, 20000),
    (1132, 'Xenojiiva Hide Beta', 8, 15, 'ArmaduraPeito', 'Description goes here.', 20000, 20000),
    (1133, 'Zorah Hide Alpha', 6, 15, 'ArmaduraPeito', 'Description goes here.', 9000, 9000),
    (1134, 'Zorah Hide Beta', 6, 15, 'ArmaduraPeito', 'Description goes here.', 9000, 9000),
    (1135, 'Zorah Hide Gamma', 8, 15, 'ArmaduraPeito', 'Description goes here.', 20000, 20000);

INSERT INTO Armadura (IdArmadura, Defesa, Fogo, Agua, Raio, Gelo, Dragao) VALUES
    (977, 9, -2, 1, -2, -2, 1),
    (978, 36, -2, 0, -2, -2, 0),
    (979, 36, -2, 0, -2, -2, 0),
    (980, 20, 3, -1, -1, -1, 0),
    (981, 130, 3, -3, -1, -1, 0),
    (982, 44, 3, -3, -1, -1, 0),
    (983, 44, 3, -3, -1, -1, 0),
    (984, 56, 2, 2, 0, 0, 3),
    (985, 24, 0, 2, 0, -1, -2),
    (986, 46, 0, 2, 0, -1, -2),
    (987, 46, 0, 2, 0, -1, -2),
    (988, 130, -1, 2, -3, 3, 0),
    (989, 48, 1, 1, 0, 1, -2),
    (990, 48, 1, 1, 0, 1, -2),
    (991, 14, -3, -1, 3, -1, 0),
    (992, 42, -3, -1, 3, -1, 0),
    (993, 42, -3, -1, 3, -1, 0),
    (994, 58, 3, 1, -4, -2, -2),
    (995, 58, 3, 1, -4, -2, -2),
    (996, 130, -3, 0, -2, 3, 2),
    (997, 18, 1, 1, 4, 1, 1),
    (998, 40, 1, 1, 4, 1, 1),
    (999, 6, 2, 0, 2, 0, 2),
    (1000, 36, 2, 0, 2, 0, 2),
    (1001, 36, 2, 0, 2, 0, 2),
    (1002, 28, 1, 0, 2, 0, 2),
    (1003, 52, 1, 0, 2, 0, 2),
    (1004, 52, 1, 0, 2, 0, 2),
    (1005, 22, -1, -1, 2, 0, 2),
    (1006, 42, -1, -1, 2, 0, 2),
    (1007, 42, -1, -1, 2, 0, 2),
    (1008, 2, 0, 2, 0, 0, 0),
    (1009, 32, 0, 2, 0, 0, 0),
    (1010, 32, 0, 2, 0, 0, 0),
    (1011, 70, 2, 2, 2, 2, 2),
    (1012, 70, 2, 2, 2, 2, 2),
    (1013, 60, 4, -2, 0, 0, 0),
    (1014, 60, 4, -2, 0, 0, 0),
    (1015, 64, 3, -3, 3, -3, 3),
    (1016, 32, 3, 2, -3, 2, -4),
    (1017, 62, 3, 2, -3, 2, -4),
    (1018, 62, 3, 2, -3, 2, -4),
    (1019, 32, 3, -2, 0, -3, 2),
    (1020, 54, 3, -2, 0, -3, 2),
    (1021, 54, 3, -2, 0, -3, 2),
    (1022, 56, 3, -3, 0, -4, 2),
    (1023, 56, 3, -3, 0, -4, 2),
    (1024, 130, 2, 0, 0, 2, 0),
    (1025, 60, -2, 0, -1, -1, 4),
    (1026, 60, -2, 0, -1, -1, 4),
    (1027, 48, 2, 0, -3, 2, 0),
    (1028, 48, 2, 0, -3, 2, 0),
    (1029, 72, -2, -2, 3, -2, 4),
    (1030, 70, 3, 1, 1, -3, -2),
    (1031, 70, 3, 1, 1, -3, -2),
    (1032, 70, 0, 0, 0, 0, 0),
    (1033, 64, 1, 1, 1, 1, 4),
    (1034, 34, 1, 1, 1, 1, 4),
    (1035, 20, 0, -3, 2, 0, 1),
    (1036, 26, 4, 1, 1, 1, 1),
    (1037, 40, 0, -3, 2, 0, 1),
    (1039, 162, 3, -2, -4, 0, 4),
    (1040, 162, 3, -2, -4, 0, 4),
    (1041, 68, 0, 0, 0, 0, 0),
    (1042, 68, 0, 0, 0, 0, 0),
    (1043, 50, 2, 0, 0, 2, 3),
    (1044, 26, 4, 1, 1, 1, 1),
    (1045, 52, 4, 1, 1, 1, 1),
    (1046, 18, 0, -1, -2, 3, 0),
    (1047, 50, 0, -1, -2, 3, 0),
    (1048, 50, 0, -1, -2, 3, 0),
    (1049, 18, -1, -1, 0, 0, 2),
    (1050, 38, -1, -1, 0, 0, 2),
    (1051, 38, -1, -1, 0, 0, 2),
    (1052, 6, 2, 2, 0, 0, 0),
    (1053, 36, 2, 2, 0, 0, 0),
    (1054, 36, 2, 2, 0, 0, 0),
    (1055, 28, -2, 0, 3, -1, 0),
    (1056, 50, -2, 0, 3, -1, 0),
    (1057, 50, -2, 0, 3, -1, 0),
    (1058, 8, -2, 2, -1, -1, 1),
    (1059, 40, -2, 2, -1, -1, 1),
    (1060, 40, -2, 2, -1, -1, 1),
    (1061, 14, -1, 2, -3, 0, 0),
    (1062, 44, -1, 2, -3, 0, 0),
    (1063, 44, -1, 2, -3, 0, 0),
    (1064, 16, 0, -3, 3, 0, 0),
    (1065, 44, 0, -3, 3, 0, 0),
    (1066, 44, 0, -3, 3, 0, 0),
    (1067, 64, 3, -3, 1, -3, 1),
    (1068, 64, 3, -3, 1, -3, 1),
    (1069, 72, 3, -3, 1, -3, 1),
    (1070, 22, -1, -1, 2, 0, 2),
    (1071, 42, -1, -1, 2, 0, 2),
    (1072, 42, -1, -1, 2, 0, 2),
    (1073, 32, -3, -2, 4, -2, 2),
    (1074, 64, -3, -2, 4, -2, 2),
    (1075, 64, -3, -2, 4, -2, 2),
    (1076, 64, -3, -2, 4, -2, 2),
    (1077, 10, 0, -3, 0, 1, 0),
    (1078, 40, 0, -3, 0, 1, 0),
    (1079, 40, 0, -3, 0, 1, 0),
    (1080, 72, 4, -2, 3, -4, -2),
    (1081, 72, 4, -2, 3, -4, -2),
    (1082, 64, 0, 2, -3, 4, -2),
    (1083, 64, 0, 2, -3, 4, -2),
    (1084, 56, 3, -3, 1, -2, 2),
    (1085, 56, 3, -3, 1, -2, 2),
    (1086, 1, 2, 0, 0, 0, 0),
    (1087, 32, 2, 0, 0, 0, 0),
    (1088, 32, 2, 0, 0, 0, 0),
    (1089, 30, -1, 2, -3, 3, 0),
    (1090, 54, -1, 2, -3, 3, 0),
    (1091, 54, -1, 2, -3, 3, 0),
    (1092, 20, -3, 2, 0, 1, 0),
    (1093, 44, -3, 2, 0, 1, 0),
    (1094, 44, -3, 2, 0, 1, 0),
    (1095, 64, 1, 1, -3, 1, -3),
    (1096, 64, 1, 1, -3, 1, -3),
    (1097, 72, 1, 1, -3, 1, -3),
    (1098, 30, 2, 2, -2, -3, 2),
    (1099, 54, 2, 2, -2, -3, 2),
    (1100, 54, 2, 2, -2, -3, 2),
    (1101, 58, 1, 1, 1, 4, 1),
    (1102, 6, 0, 0, 0, 0, 0),
    (1103, 12, 0, 3, -3, 0, 1),
    (1104, 42, 0, 3, -3, 0, 1),
    (1105, 42, 0, 3, -3, 0, 1),
    (1106, 52, 3, 0, -3, 0, 4),
    (1107, 52, 3, 0, -3, 0, 4),
    (1108, 56, 3, 2, 2, -3, -4),
    (1109, 56, 3, 2, 2, -3, -4),
    (1110, 30, 3, 1, -2, 1, -3),
    (1111, 54, 3, 1, -2, 1, -3),
    (1112, 54, 3, 1, -2, 1, -3),
    (1113, 22, 2, 0, -2, 0, 0),
    (1114, 46, 2, 0, -2, 0, 0),
    (1115, 46, 2, 0, -2, 0, 0),
    (1116, 12, 2, 0, 5, -3, 2),
    (1117, 60, 2, 0, 5, -3, 2),
    (1118, 50, 0, 4, 0, 4, -2),
    (1119, 18, 0, 0, -2, -2, 0),
    (1120, 40, 0, 0, -2, -2, 0),
    (1121, 40, 0, 0, -2, -2, 0),
    (1122, 60, 4, -3, 1, -2, -2),
    (1123, 60, 4, -3, 1, -2, -2),
    (1124, 64, -4, 4, 1, -1, -3),
    (1125, 64, -4, 4, 1, -1, -3),
    (1126, 58, 1, 1, -3, 2, -3),
    (1127, 58, 1, 1, -3, 2, -3),
    (1128, 8, -2, 1, 1, 1, 2),
    (1129, 38, -2, 1, 1, 1, 2),
    (1130, 38, -2, 1, 1, 1, 2),
    (1131, 72, -3, 2, 2, 2, 4),
    (1132, 72, -3, 2, 2, 2, 4),
    (1133, 44, 4, -3, -1, -2, -3),
    (1134, 44, 4, -3, -1, -2, -3),
    (1135, 72, 4, -3, -1, -2, -3);


INSERT INTO Item (IdItem, Nome, Raridade, Tipo, Funcao, Descricao, ValorVenda, CustoCompra) VALUES
    (1136, 'Alloy Vambraces', 2, 16, 'ArmaduraBraco', 'Armor made of fine machalite ore. What it lacks in charm it more than makes up in defense.', 500, 500),
    (1137, 'Alloy Vambraces Alpha', 5, 16, 'ArmaduraBraco', 'Description goes here.', 4000, 4000),
    (1138, 'Alloy Vambraces Beta', 5, 16, 'ArmaduraBraco', 'Description goes here.', 4000, 4000),
    (1139, 'Anja Vambraces', 3, 16, 'ArmaduraBraco', 'Crafted to mimic a particular tribes costume. The design is proof of the wearers wisdom.', 1500, 1500),
    (1140, 'Anja Vambraces +', 9, 16, 'ArmaduraBraco', 'Description goes here.', 10000, 10000),
    (1141, 'Anja Vambraces Alpha', 5, 16, 'ArmaduraBraco', 'Description goes here.', 6000, 6000),
    (1142, 'Anja Vambraces Beta', 5, 16, 'ArmaduraBraco', 'Description goes here.', 6000, 6000),
    (1143, 'Azure Starlord Gauntlets Alpha', 7, 16, 'ArmaduraBraco', 'Description goes here.', 12000, 12000),
    (1144, 'Baan Vambraces', 3, 16, 'ArmaduraBraco', 'Description goes here.', 1500, 1500),
    (1145, 'Baan Vambraces Alpha', 6, 16, 'ArmaduraBraco', 'Description goes here.', 6000, 6000),
    (1146, 'Baan Vambraces Beta', 6, 16, 'ArmaduraBraco', 'Description goes here.', 6000, 6000),
    (1147, 'Banbaro Vambraces +', 9, 16, 'ArmaduraBraco', 'Description goes here.', 10000, 10000),
    (1148, 'Barroth Vambraces', 2, 16, 'ArmaduraBraco', 'Description goes here.', 500, 500),
    (1149, 'Barroth Vambraces Alpha', 5, 16, 'ArmaduraBraco', 'Description goes here.', 4000, 4000),
    (1150, 'Barroth Vambraces Beta', 5, 16, 'ArmaduraBraco', 'Description goes here.', 4000, 4000),
    (1151, 'Bazel Vambraces Alpha', 7, 16, 'ArmaduraBraco', 'Description goes here.', 12000, 12000),
    (1152, 'Bazel Vambraces Beta', 7, 16, 'ArmaduraBraco', 'Description goes here.', 12000, 12000),
    (1153, 'Beo Vambraces +', 9, 16, 'ArmaduraBraco', 'Description goes here.', 10000, 10000),
    (1154, 'Blossom Cuffs', 3, 16, 'ArmaduraBraco', 'Description goes here.', 1500, 1500),
    (1155, 'Blossom Cuffs Alpha', 5, 16, 'ArmaduraBraco', 'Description goes here.', 4000, 4000),
    (1156, 'Bone Vambraces', 1, 16, 'ArmaduraBraco', 'Traditional armor crafted from monster bones. Believe it or not, it offers pretty good insulation.', 200, 200),
    (1157, 'Bone Vambraces Alpha', 5, 16, 'ArmaduraBraco', 'Description goes here.', 4000, 4000),
    (1158, 'Bone Vambraces Beta', 5, 16, 'ArmaduraBraco', 'Description goes here.', 4000, 4000),
    (1159, 'Brigade Vambraces', 4, 16, 'ArmaduraBraco', 'Description goes here.', 3000, 3000),
    (1160, 'Brigade Vambraces Alpha', 1, 16, 'ArmaduraBraco', 'Description goes here.', 9000, 9000),
    (1161, 'Brigade Vambraces Beta', 1, 16, 'ArmaduraBraco', 'Description goes here.', 9000, 9000),
    (1162, 'Butterfly Brachia', 3, 16, 'ArmaduraBraco', 'Description goes here.', 1500, 1500),
    (1163, 'Butterfly Brachia Alpha', 5, 16, 'ArmaduraBraco', 'Description goes here.', 6000, 6000),
    (1164, 'Butterfly Brachia Beta', 5, 16, 'ArmaduraBraco', 'Description goes here.', 0, 0),
    (1165, 'Chainmail Gloves', 1, 16, 'ArmaduraBraco', 'Armor made of woven chain links. Its familiar design inspires trust in hunters who wear it.', 100, 100),
    (1166, 'Chainmail Gloves Alpha', 5, 16, 'ArmaduraBraco', 'Description goes here.', 4000, 4000),
    (1167, 'Chainmail Gloves Beta', 5, 16, 'ArmaduraBraco', 'Description goes here.', 4000, 4000),
    (1168, 'Commission Vambraces Alpha', 8, 16, 'ArmaduraBraco', 'Description goes here.', 20000, 20000),
    (1169, 'Commission Vambraces Beta', 1, 16, 'ArmaduraBraco', 'Description goes here.', 20000, 20000),
    (1170, 'Damascus Vambraces Alpha', 7, 16, 'ArmaduraBraco', 'Description goes here.', 12000, 12000),
    (1171, 'Damascus Vambraces Beta', 7, 16, 'ArmaduraBraco', 'Description goes here.', 12000, 12000),
    (1172, 'Dantes Gloves Alpha', 8, 16, 'ArmaduraBraco', 'Description goes here.', 16000, 16000),
    (1173, 'Death Stench Grip', 4, 16, 'ArmaduraBraco', 'Description goes here.', 12000, 12000),
    (1174, 'Death Stench Grip Alpha', 7, 16, 'ArmaduraBraco', 'Description goes here.', 12000, 12000),
    (1175, 'Death Stench Grip Beta', 7, 16, 'ArmaduraBraco', 'Description goes here.', 12000, 12000),
    (1176, 'Diablos Nero Vambraces Alpha', 7, 16, 'ArmaduraBraco', 'Description goes here.', 12000, 12000),
    (1177, 'Diablos Nero Vambraces Beta', 7, 16, 'ArmaduraBraco', 'Description goes here.', 12000, 12000),
    (1178, 'Diablos Vambraces', 4, 16, 'ArmaduraBraco', 'Description goes here.', 9000, 9000),
    (1179, 'Diablos Vambraces Alpha', 7, 16, 'ArmaduraBraco', 'Description goes here.', 12000, 12000),
    (1180, 'Diablos Vambraces Beta', 7, 16, 'ArmaduraBraco', 'Description goes here.', 9000, 9000),
    (1181, 'Direwolf Vambraces', 9, 16, 'ArmaduraBraco', 'Description goes here.', 0, 0),
    (1182, 'N/A', 5, 16, 'ArmaduraBraco', 'N/A', 0, 0),
    (1183, 'Drachen Vambraces Alpha', 8, 16, 'ArmaduraBraco', 'Description goes here.', 20000, 20000),
    (1184, 'Dober Vambraces Alpha', 7, 16, 'ArmaduraBraco', 'Description goes here.', 12000, 12000),
    (1185, 'Dober Vambraces Beta', 7, 16, 'ArmaduraBraco', 'Description goes here.', 12000, 12000),
    (1186, 'Dodogama Vambraces Alpha', 5, 16, 'ArmaduraBraco', 'Description goes here.', 6000, 6000),
    (1187, 'Dodogama Vambraces Beta', 5, 16, 'ArmaduraBraco', 'Description goes here.', 6000, 6000),
    (1188, 'Empress Vambraces Alpha', 8, 16, 'ArmaduraBraco', 'Description goes here.', 20000, 20000),
    (1189, 'Empress Vambraces Beta', 8, 16, 'ArmaduraBraco', 'N/A', 20000, 20000),
    (1190, 'Empress Vambraces Gamma', 8, 16, 'ArmaduraBraco', 'Description goes here.', 10000, 10000),
    (1191, 'Gala Suit Cuffs', 4, 16, 'ArmaduraBraco', 'Description goes here.', 3000, 3000),
    (1192, 'Gala Suit Cuffs Alpha', 7, 16, 'ArmaduraBraco', 'Description goes here.', 3000, 3000),
    (1193, 'Girros Vambraces', 3, 16, 'ArmaduraBraco', 'Description goes here.', 1500, 1500),
    (1194, 'Girros Vambraces +', 9, 16, 'ArmaduraBraco', 'Description goes here.', 10000, 10000),
    (1195, 'Girros Vambraces Alpha', 5, 16, 'ArmaduraBraco', 'Description goes here.', 4000, 4000),
    (1196, 'Girros Vambraces Beta', 5, 16, 'ArmaduraBraco', 'Description goes here.', 4000, 4000),
    (1197, 'Golden Lunebraces Alpha +', 12, 16, 'ArmaduraBraco', 'Description goes here.', 24000, 24000),
    (1198, 'Golden Lunebraces Beta +', 12, 16, 'ArmaduraBraco', 'Description goes here.', 24000, 24000),
    (1199, 'Guild Cross Vambraces Alpha', 8, 16, 'ArmaduraBraco', 'Description goes here.', 16000, 16000),
    (1200, 'Guild Cross Vambraces Beta', 8, 16, 'ArmaduraBraco', 'Description goes here.', 16000, 16000),
    (1201, 'Guardian Vambraces Alpha +', 6, 16, 'ArmaduraBraco', 'Description goes here.', 10000, 10000),
    (1202, 'Harvest Trama', 3, 16, 'ArmaduraBraco', 'Description goes here.', 1500, 1500),
    (1203, 'Harvest Trama Alpha', 6, 16, 'ArmaduraBraco', 'Description goes here.', 9000, 9000),
    (1204, 'High Metal Braces', 3, 16, 'ArmaduraBraco', 'Description goes here.', 1500, 1500),
    (1205, 'High Metal Braces Alpha', 6, 16, 'ArmaduraBraco', 'Description goes here.', 9000, 9000),
    (1206, 'High Metal Braces Beta', 6, 16, 'ArmaduraBraco', 'Description goes here.', 9000, 9000),
    (1207, 'Hunters Vambraces', 1, 16, 'ArmaduraBraco', 'Armor widely used among hunters. Light and tough.', 200, 200),
    (1208, 'Hunters Vambraces Alpha', 5, 16, 'ArmaduraBraco', 'Description goes here.', 4000, 4000),
    (1209, 'Hunters Vambraces Beta', 5, 16, 'ArmaduraBraco', 'Description goes here.', 4000, 4000),
    (1210, 'Hornetaur Vambraces', 3, 16, 'ArmaduraBraco', 'Description goes here.', 1500, 1500),
    (1211, 'Hornetaur vambraces Alpha', 5, 16, 'ArmaduraBraco', 'Description goes here.', 4000, 4000),
    (1212, 'Hornetaur Vambraces Beta', 5, 16, 'ArmaduraBraco', 'Description goes here.', 4000, 4000),
    (1213, 'Ingot Gloves', 1, 16, 'ArmaduraBraco', 'Description goes here.', 10000, 10000),
    (1214, 'Ingot Vambraces', 4, 16, 'ArmaduraBraco', 'Description goes here.', 3000, 3000),
    (1215, 'Ingot Vambraces Alpha', 6, 16, 'ArmaduraBraco', 'Description goes here.', 3000, 3000),
    (1216, 'Ingot Vambraces Beta', 6, 16, 'ArmaduraBraco', 'Description goes here.', 3000, 3000),
    (1217, 'Jagras Vambraces', 1, 16, 'ArmaduraBraco', 'Diligently polished Great Jagras scale marries steel in beautiful harmony in this armor.', 200, 200),
    (1218, 'Jagras Vambraces Alpha', 5, 16, 'ArmaduraBraco', 'Description goes here.', 4000, 4000),
    (1219, 'Jagras Vambraces Beta', 5, 16, 'ArmaduraBraco', 'Description goes here.', 4000, 4000),
    (1220, 'Jyura Vambraces', 2, 16, 'ArmaduraBraco', 'Description goes here.', 500, 500),
    (1221, 'Jyura Vambraces Alpha', 5, 16, 'ArmaduraBraco', 'Description goes here.', 6000, 6000),
    (1222, 'Jyura Vambraces Beta', 5, 16, 'ArmaduraBraco', 'Description goes here.', 6000, 6000),
    (1223, 'Kadachi Vambraces', 2, 16, 'ArmaduraBraco', 'Description goes here.', 500, 500),
    (1224, 'Kadachi Vambraces Alpha', 5, 16, 'ArmaduraBraco', 'Description goes here.', 6000, 6000),
    (1225, 'Kadachi Vambraces Beta', 5, 16, 'ArmaduraBraco', 'Description goes here.', 6000, 6000),
    (1226, 'Kaiser Vambraces Alpha', 8, 16, 'ArmaduraBraco', 'Description goes here.', 16000, 16000),
    (1227, 'Kaiser Vambraces Beta', 8, 16, 'ArmaduraBraco', 'Description goes here.', 16000, 16000),
    (1228, 'Kestodon Guards', 1, 16, 'ArmaduraBraco', 'The ease of obtaining Kestodon materials makes these armguards popular with the research team.', 200, 200),
    (1229, 'Kestodon Guards Alpha', 5, 16, 'ArmaduraBraco', 'Description goes here.', 200, 200),
    (1230, 'Kestodon Guards Beta', 5, 16, 'ArmaduraBraco', 'Description goes here.', 200, 200),
    (1231, 'King Beetle Brachia', 3, 16, 'ArmaduraBraco', 'Description goes here.', 1500, 1500),
    (1232, 'King Beetle Brachia Alpha', 5, 16, 'ArmaduraBraco', 'Description goes here.', 6000, 6000),
    (1233, 'King Beetle Brachia Beta', 5, 16, 'ArmaduraBraco', 'Description goes here.', 6000, 6000),
    (1234, 'Kirin Longarms', 4, 16, 'ArmaduraBraco', 'Description goes here.', 3000, 3000),
    (1235, 'Kirin Longarms Alpha', 8, 16, 'ArmaduraBraco', 'Description goes here.', 16000, 16000),
    (1236, 'Kirin Longarms Beta', 8, 16, 'ArmaduraBraco', 'Description goes here.', 16000, 16000),
    (1237, 'Kirin Longarms Gamma', 8, 16, 'ArmaduraBraco', 'Description goes here.', 10000, 10000),
    (1238, 'Kulu Vambraces', 1, 16, 'ArmaduraBraco', 'Description goes here.', 200, 200),
    (1239, 'Kulu Vambraces Alpha', 5, 16, 'ArmaduraBraco', 'Description goes here.', 4000, 4000),
    (1240, 'Kulu Vambraces Beta', 5, 16, 'ArmaduraBraco', 'Description goes here.', 4000, 4000),
    (1241, 'Kulve Taroths Rage Alpha', 8, 16, 'ArmaduraBraco', 'Description goes here.', 20000, 20000),
    (1242, 'Kulve Taroths Rage Beta', 8, 16, 'ArmaduraBraco', 'Description goes here.', 20000, 20000),
    (1243, 'N/A', 8, 16, 'ArmaduraBraco', 'N/A', 0, 0),
    (1244, 'Kushala Grip Alpha', 8, 16, 'ArmaduraBraco', 'Description goes here.', 16000, 16000),
    (1245, 'Kushala Grip Beta', 8, 16, 'ArmaduraBraco', 'Description goes here.', 16000, 16000),
    (1246, 'Lavasioth Vambraces Alpha', 5, 16, 'ArmaduraBraco', 'Description goes here.', 9000, 9000),
    (1247, 'Lavasioth Vambraces Beta', 5, 16, 'ArmaduraBraco', 'Description goes here.', 9000, 9000),
    (1248, 'Leather Gloves', 1, 16, 'ArmaduraBraco', 'Armor made of treated monster hide. A safe choice, designed for multi-purpose use.', 100, 100),
    (1249, 'Leather Gloves Alpha', 5, 16, 'ArmaduraBraco', 'Description goes here.', 4000, 4000),
    (1250, 'Leather Gloves Beta', 5, 16, 'ArmaduraBraco', 'Description goes here.', 4000, 4000),
    (1251, 'Legiana Vambraces', 4, 16, 'ArmaduraBraco', 'Description goes here.', 3000, 3000),
    (1252, 'Legiana Vambraces +', 9, 16, 'ArmaduraBraco', 'Description goes here.', 10000, 10000),
    (1253, 'Legiana Vambraces Alpha', 6, 16, 'ArmaduraBraco', 'Description goes here.', 9000, 9000),
    (1254, 'Legiana Vambraces Beta', 6, 16, 'ArmaduraBraco', 'Description goes here.', 9000, 9000),
    (1255, 'Lumu Vambraces', 3, 16, 'ArmaduraBraco', 'Description goes here.', 1500, 1500),
    (1256, 'Lumu Vambraces Alpha', 5, 16, 'ArmaduraBraco', 'Description goes here.', 6000, 6000),
    (1257, 'Lumu Vambraces Beta', 5, 16, 'ArmaduraBraco', 'Description goes here.', 6000, 6000),
    (1258, 'Nergigante Vambraces Alpha', 8, 16, 'ArmaduraBraco', 'Description goes here', 16000, 16000),
    (1259, 'Nergigante Vambraces Beta', 8, 16, 'ArmaduraBraco', 'Description goes here', 16000, 16000),
    (1260, 'Nergigante Vambraces Gamma', 8, 16, 'ArmaduraBraco', 'Description goes here.', 10000, 10000),
    (1261, 'Odogaron Vambraces', 4, 16, 'ArmaduraBraco', 'Description goes here.', 3000, 3000),
    (1262, 'Odogaron Vambraces Alpha', 6, 16, 'ArmaduraBraco', 'Description goes here.', 9000, 9000),
    (1263, 'Odogaron Vambraces Beta', 6, 16, 'ArmaduraBraco', 'Description goes here.', 9000, 9000),
    (1264, 'Orion Vambraces Alpha', 6, 16, 'ArmaduraBraco', 'Description goes here.', 1200, 1200),
    (1265, 'Origin Vambraces', 1, 16, 'ArmaduraBraco', 'Description goes here.', 0, 0),
    (1266, 'Pukei Vambraces', 1, 16, 'ArmaduraBraco', 'Description goes here.', 500, 500),
    (1267, 'Pukei Vambraces Alpha', 5, 16, 'ArmaduraBraco', 'Description goes here.', 4000, 4000),
    (1268, 'Pukei Vambraces Beta', 1, 16, 'ArmaduraBraco', 'Description goes here.', 4000, 4000),
    (1269, 'Rath Heart Vambraces Alpha', 6, 16, 'ArmaduraBraco', 'Description goes here', 9000, 9000),
    (1270, 'Rath Heart Vambraces Beta', 6, 16, 'ArmaduraBraco', 'Description goes here', 9000, 9000),
    (1271, 'Rath Soul Braces Alpha', 7, 16, 'ArmaduraBraco', 'Description goes here.', 12000, 12000),
    (1272, 'Rath Soul Braces Beta', 7, 16, 'ArmaduraBraco', 'Description goes here.', 12000, 12000),
    (1273, 'Rathalos Vambraces', 4, 16, 'ArmaduraBraco', 'Description goes here.', 3000, 3000),
    (1274, 'Rathalos Vambraces Alpha', 6, 16, 'ArmaduraBraco', 'Description goes here.', 9000, 9000),
    (1275, 'Rathalos Vambraces Beta', 6, 16, 'ArmaduraBraco', 'Description goes here.', 9000, 9000),
    (1276, 'Rathian Vambraces', 3, 16, 'ArmaduraBraco', 'Description goes here.', 1500, 1500),
    (1277, 'Rathian Vambraces Alpha', 5, 16, 'ArmaduraBraco', 'Description goes here.', 6000, 6000),
    (1278, 'Rathian Vambraces Beta', 5, 16, 'ArmaduraBraco', 'Description goes here.', 6000, 6000),
    (1279, 'Ryus Arms', 2, 16, 'ArmaduraBraco', 'Description goes here.', 10000, 10000),
    (1280, 'Ryus Arms Alpha', 7, 16, 'ArmaduraBraco', 'Description goes here.', 10000, 10000),
    (1281, 'Sakuras Arms Alpha', 6, 16, 'ArmaduraBraco', 'Description goes here.', 10000, 10000),
    (1282, 'N/A', 3, 16, 'ArmaduraBraco', 'N/A', 0, 0),
    (1283, 'Tzitzi Vambraces Alpha', 5, 16, 'ArmaduraBraco', 'Description goes here.', 6000, 6000),
    (1284, 'Tzitzi Vambraces Beta', 5, 16, 'ArmaduraBraco', 'Description goes here.', 6000, 6000),
    (1285, 'N/A', 7, 16, 'ArmaduraBraco', 'N/A', 0, 0),
    (1286, 'N/A', 7, 16, 'ArmaduraBraco', 'N/A', 0, 0),
    (1287, 'Vaal Hazak Braces Alpha', 8, 16, 'ArmaduraBraco', 'Description goes here.', 16000, 16000),
    (1288, 'Vaal Hazak Braces Beta', 8, 16, 'ArmaduraBraco', 'Description goes here.', 16000, 16000),
    (1289, 'Vangis Vambraces Alpha', 7, 16, 'ArmaduraBraco', 'Deviljho armor that bestows epic power to its wearer, at the cost for a never-ending thirst for flesh.', 12000, 12000),
    (1290, 'Vangis Vambraces Beta', 7, 16, 'ArmaduraBraco', 'Deviljho armor that bestows epic power to its wearer, at the cost for a never-ending thirst for flesh.', 12000, 12000),
    (1291, 'Vespoid Vambraces', 1, 16, 'ArmaduraBraco', 'Armor made from hard Vespoid carapace. Though weak to fire element, it offers solid defense.', 200, 200),
    (1292, 'Vespoid Vambraces Alpha', 5, 16, 'ArmaduraBraco', 'Armor made from hard Vespoid carapace. Though weak to fire element, it offers solid defense.', 4000, 4000),
    (1293, 'Vespoid Vambraces Beta', 5, 16, 'ArmaduraBraco', 'Armor made from hard Vespoid carapace. Though weak to fire element, it offers solid defense.', 4000, 4000),
    (1294, 'Xenojiiva Claws Alpha', 8, 16, 'ArmaduraBraco', 'Description goes here.', 20000, 20000),
    (1295, 'Xenojiiva Claws Beta', 8, 16, 'ArmaduraBraco', 'Description goes here.', 20000, 20000),
    (1296, 'Zorah Claws Alpha', 6, 16, 'ArmaduraBraco', 'Description goes here.', 9000, 9000),
    (1297, 'Zorah Claws Beta', 6, 16, 'ArmaduraBraco', 'Description goes here.', 9000, 9000),
    (1298, 'Zorah Claws Gamma', 8, 16, 'ArmaduraBraco', 'Description goes here.', 20000, 20000);

INSERT INTO Armadura (IdArmadura, Defesa, Fogo, Agua, Raio, Gelo, Dragao) VALUES
    (1136, 8, -2, 1, -2, -2, 1),
    (1137, 36, -2, 0, -2, -2, 0),
    (1138, 36, -2, 0, -2, -2, 0),
    (1139, 20, 3, -3, -1, -1, 0),
    (1140, 130, 3, -3, -1, -1, 0),
    (1141, 44, 3, -3, -1, -1, 0),
    (1142, 44, 3, -3, -1, -1, 0),
    (1143, 56, 2, 2, 0, 0, 3),
    (1144, 24, 0, 2, 0, -1, -2),
    (1145, 46, 0, 2, 0, -1, -2),
    (1146, 46, 0, 2, 0, -1, -2),
    (1147, 130, -2, 2, -1, 3, -3),
    (1148, 14, -3, -1, 3, -1, 0),
    (1149, 42, -3, -1, 3, -1, 0),
    (1150, 42, -3, -1, 3, -1, 0),
    (1151, 58, 3, 1, -4, -2, -2),
    (1152, 58, 3, 1, -4, -2, -2),
    (1153, 130, -3, 0, -2, 3, 2),
    (1154, 18, 1, 1, 4, 1, 1),
    (1155, 40, 1, 1, 4, 1, 1),
    (1156, 6, 2, 0, 2, 0, 2),
    (1157, 36, 2, 0, 2, 0, 2),
    (1158, 36, 2, 0, 2, 0, 2),
    (1159, 28, 1, 0, 2, 0, 2),
    (1160, 52, 1, 0, 2, 0, 2),
    (1161, 52, 1, 0, 2, 0, 2),
    (1162, 22, -1, -1, 2, 0, 2),
    (1163, 42, -1, -1, 2, 0, 2),
    (1164, 42, 0, 0, 0, 0, 0),
    (1165, 2, 0, 2, 0, 0, 0),
    (1166, 32, 0, 2, 0, 0, 0),
    (1167, 32, 0, 2, 0, 0, 0),
    (1168, 70, 2, 2, 2, 2, 2),
    (1169, 70, 2, 2, 2, 2, 2),
    (1170, 60, 4, -2, 0, 0, 0),
    (1171, 60, 4, -2, 0, 0, 0),
    (1172, 64, 3, -3, 3, -3, 3),
    (1173, 32, 3, 2, -2, 3, -4),
    (1174, 62, 3, 2, -2, 3, -4),
    (1175, 62, 3, 2, -2, 3, -4),
    (1176, 56, 3, -3, 0, -4, 2),
    (1177, 56, 3, -3, 0, -4, 2),
    (1178, 32, 3, -2, 0, -3, 2),
    (1179, 54, 3, -2, 0, -3, 2),
    (1180, 54, 3, -2, 0, -3, 2),
    (1181, 130, 2, 0, 0, 2, 0),
    (1182, 0, 0, 0, 0, 0, 0),
    (1183, 72, -2, -2, 3, -2, 4),
    (1184, 60, -2, 0, -1, -1, 4),
    (1185, 60, -2, 0, -1, -1, 4),
    (1186, 48, 2, 0, -3, 0, 2),
    (1187, 48, 2, 0, -3, 0, 2),
    (1188, 70, 3, 1, 1, -3, -2),
    (1189, 70, 3, 1, 1, -3, -2),
    (1190, 70, 3, 1, 1, -3, -2),
    (1191, 34, 1, 1, 1, 1, 4),
    (1192, 64, 1, 1, 1, 1, 4),
    (1193, 20, 0, -3, 2, 0, 1),
    (1194, 130, 0, -3, 2, 0, 1),
    (1195, 40, 0, -3, 2, 0, 1),
    (1196, 40, 0, -3, 2, 0, 1),
    (1197, 164, 3, -2, -4, 0, 4),
    (1198, 162, 3, -2, -4, 0, 4),
    (1199, 68, 0, 0, 0, 0, 0),
    (1200, 68, 0, 0, 0, 0, 0),
    (1201, 50, 2, 0, 0, 2, 3),
    (1202, 26, 4, 1, 1, 1, 1),
    (1203, 20, 4, 1, 1, 1, 1),
    (1204, 18, 0, -1, -2, 3, 0),
    (1205, 50, 0, -1, -2, 3, 0),
    (1206, 50, 0, -1, -2, 3, 0),
    (1207, 16, 2, 2, 0, 0, 0),
    (1208, 36, 2, 2, 0, 0, 0),
    (1209, 36, 2, 2, 0, 0, 0),
    (1210, 18, -1, -1, 0, 0, 2),
    (1211, 38, -1, -1, 0, 0, 2),
    (1212, 38, -1, -1, 0, 0, 2),
    (1213, 16, -1, -1, 0, 1, 0),
    (1214, 28, -2, 0, 3, -1, 0),
    (1215, 50, -2, 0, 3, -1, 0),
    (1216, 50, -2, 0, 3, -1, 0),
    (1217, 8, -2, 2, -1, -1, 1),
    (1218, 40, -2, 2, -1, -1, 1),
    (1219, 40, -2, 2, -1, -1, 1),
    (1220, 14, -1, 2, -3, 0, 0),
    (1221, 44, -1, 2, -3, 0, 0),
    (1222, 44, -1, 2, -3, 0, 0),
    (1223, 16, 0, -3, 3, 0, 0),
    (1224, 44, 0, -3, 3, 0, 0),
    (1225, 44, 0, -3, 3, 0, 0),
    (1226, 64, 3, -3, 1, -3, 1),
    (1227, 64, 3, -3, 1, -3, 1),
    (1228, 12, 4, 0, 0, 0, 0),
    (1229, 40, 4, 0, 0, 0, 0),
    (1230, 40, 4, 0, 0, 0, 0),
    (1231, 22, -1, -1, 2, 0, 2),
    (1232, 42, -1, -1, 2, 0, 2),
    (1233, 42, -1, -1, 2, 0, 2),
    (1234, 32, -3, -2, 4, -2, 2),
    (1235, 64, -3, -2, 4, -2, 2),
    (1236, 64, -3, -2, 4, -2, 2),
    (1237, 64, -3, -2, 4, -2, 2),
    (1238, 10, 0, -3, 0, 1, 0),
    (1239, 40, 0, 0, 0, -3, 0),
    (1240, 40, 0, 0, 0, -3, 0),
    (1241, 72, 4, -2, 3, -4, -2),
    (1242, 72, 4, -2, 3, -4, -2),
    (1243, 0, 0, 0, 0, 0, 0),
    (1244, 64, 0, 2, -3, 4, -2),
    (1245, 64, 0, 2, -3, 4, -2),
    (1246, 56, 3, -3, 1, -2, 2),
    (1247, 56, 3, -3, 1, -2, 2),
    (1248, 2, 2, 0, 0, 0, 0),
    (1249, 32, 2, 0, 0, 0, 0),
    (1250, 32, 2, 0, 0, 0, 0),
    (1251, 30, -1, 2, -3, 3, 0),
    (1252, 130, -1, 2, -3, 3, 0),
    (1253, 54, -1, 2, -3, 3, 0),
    (1254, 54, -1, 2, -3, 3, 0),
    (1255, 20, -3, 2, 0, 1, 0),
    (1256, 44, -3, 2, 0, 1, 0),
    (1257, 44, -3, 2, 0, 1, 0),
    (1258, 64, 1, 1, -3, 1, -3),
    (1259, 64, 1, 1, -3, 1, -3),
    (1260, 72, 1, 1, -3, 1, -3),
    (1261, 30, 2, 2, -2, -3, 0),
    (1262, 54, 2, 2, -2, -3, 0),
    (1263, 54, 2, 2, -2, -3, 0),
    (1264, 58, 1, 1, 1, 4, 1),
    (1265, 6, 0, 0, 0, 0, 0),
    (1266, 16, 1, 1, 1, 1, 0),
    (1267, 42, 1, 1, 1, 1, 0),
    (1268, 42, 1, 1, 1, 1, 0),
    (1269, 52, 3, 0, -3, 0, -4),
    (1270, 52, 3, 0, -3, 0, -4),
    (1271, 56, 3, 2, 2, -3, -4),
    (1272, 56, 3, 2, 2, -3, -4),
    (1273, 30, 3, 1, -2, 1, -3),
    (1274, 54, 3, 1, -2, 1, -3),
    (1275, 54, 3, 1, -2, 1, -3),
    (1276, 22, 2, 0, -2, 0, -3),
    (1277, 46, 2, 0, -2, 0, -3),
    (1278, 46, 2, 0, -2, 0, -3),
    (1279, 12, 2, 0, 5, -3, 2),
    (1280, 60, 2, 0, 5, -3, 2),
    (1281, 50, 0, 4, 0, 4, -2),
    (1282, 0, 0, 0, 0, 0, 0),
    (1283, 40, 0, 0, -3, -2, 0),
    (1284, 40, 0, 0, -3, -2, 0),
    (1285, 0, 0, 0, 0, 0, 0),
    (1286, 0, 0, 0, 0, 0, 0),
    (1287, 64, -4, 4, 1, -1, -3),
    (1288, 64, -4, 4, 1, -1, -3),
    (1289, 28, 1, 1, -3, 2, -3),
    (1290, 28, 1, 1, -3, 2, -3),
    (1291, 8, -2, 1, 1, 1, 2),
    (1292, 38, -2, 1, 1, 1, 2),
    (1293, 38, -2, 1, 1, 1, 2),
    (1294, 72, -3, 2, 2, 2, -4),
    (1295, 72, -3, 2, 2, 2, -4),
    (1296, 44, 4, -3, -1, -2, -3),
    (1297, 44, 4, -3, -1, -2, -3),
    (1298, 72, 4, -3, -1, -2, -3);

INSERT INTO Item (IdItem, Nome, Raridade, Tipo, Funcao, Descricao, ValorVenda, CustoCompra) VALUES
(1299, 'Alloy Greaves', 2, 17, 'ArmaduraPerna', 'Armor made of fine machalite ore. What it lacks in charm it more than makes up in defense.', 500, 500),
(1300, 'Alloy Greaves Alpha', 5, 17, 'ArmaduraPerna', 'Description goes here.', 4000, 4000),
(1301, 'Alloy Greaves Beta', 5, 17, 'ArmaduraPerna', 'Description goes here.', 4000, 4000),
(1302, 'Anja Greaves', 3, 17, 'ArmaduraPerna', 'Crafted to mimic a particular tribes costume. Its tough structure is proof of the wearers fortitude in battle.', 1500, 1500),
(1303, 'Anja Greaves +', 9, 17, 'ArmaduraPerna', 'Description goes here.', 10000, 10000),
(1304, 'Anja Greaves Alpha', 5, 17, 'ArmaduraPerna', 'Description goes here.', 6000, 6000),
(1305, 'Anja Greaves Beta', 5, 17, 'ArmaduraPerna', 'Description goes here.', 6000, 6000),
(1306, 'Azure Starlord Guards Alpha', 7, 17, 'ArmaduraPerna', 'Description goes here.', 12000, 12000),
(1307, 'Baan Greaves', 3, 17, 'ArmaduraPerna', 'Description goes here.', 1500, 1500),
(1308, 'Baan Greaves', 6, 17, 'ArmaduraPerna', 'Description goes here.', 1500, 1500),
(1309, 'Banbaro Greaves +', 9, 17, 'ArmaduraPerna', 'Description goes here.', 10000, 10000),
(1310, 'Barroth Greaves', 2, 17, 'ArmaduraPerna', 'Description goes here.', 500, 500),
(1311, 'Barroth Greaves Alpha', 5, 17, 'ArmaduraPerna', 'Description goes here.', 4000, 4000),
(1312, 'Barroth Greaves Beta', 5, 17, 'ArmaduraPerna', 'Description goes here.', 4000, 4000),
(1313, 'Bazel Greaves Alpha', 7, 17, 'ArmaduraPerna', 'Description goes here.', 10000, 10000),
(1314, 'Bazel Greaves Beta', 7, 17, 'ArmaduraPerna', 'Description goes here.', 12000, 12000),
(1315, 'Beo Greaves +', 9, 17, 'ArmaduraPerna', 'Description goes here.', 10000, 10000),
(1316, 'Blossom Boots', 3, 17, 'ArmaduraPerna', 'Description goes here.', 1500, 1500),
(1317, 'Blossom Boots Alpha', 5, 17, 'ArmaduraPerna', 'Description goes here.', 4000, 4000),
(1318, 'Bone Greaves', 1, 17, 'ArmaduraPerna', 'Traditional armor crafted from monster bones. Believe it or not, it offers pretty good insulation.', 200, 200),
(1319, 'Bone Greaves Alpha', 5, 17, 'ArmaduraPerna', 'Description goes here.', 4000, 4000),
(1320, 'Bone Greaves Beta', 5, 17, 'ArmaduraPerna', 'Description goes here.', 4000, 4000),
(1321, 'Brigade Boots', 4, 17, 'ArmaduraPerna', 'Description goes here.', 3000, 3000),
(1322, 'Brigade Boots Alpha', 4, 17, 'ArmaduraPerna', 'Description goes here.', 9000, 9000),
(1323, 'Butterfly Crura', 3, 17, 'ArmaduraPerna', 'Description goes here.', 1500, 1500),
(1324, 'Butterfly Crura Alpha', 5, 17, 'ArmaduraPerna', 'Description goes here.', 6000, 6000),
(1325, 'Butterfly Crura Beta', 5, 17, 'ArmaduraPerna', 'Description goes here.', 6000, 6000),
(1326, 'Chainmail Trousers', 1, 17, 'ArmaduraPerna', 'Armor made of woven chain links. Its familiar design inspires trust in hunters who wear it.', 100, 100),
(1327, 'Chainmail Trousers Alpha', 5, 17, 'ArmaduraPerna', 'Description goes here.', 4000, 4000),
(1328, 'Chainmail Trousers Beta', 5, 17, 'ArmaduraPerna', 'Description goes here.', 4000, 4000),
(1329, 'Commission Pants Alpha', 8, 17, 'ArmaduraPerna', 'Description goes here.', 20000, 20000),
(1330, 'Commission Pants Beta', 1, 17, 'ArmaduraPerna', 'Description goes here.', 20000, 20000),
(1331, 'Damascus Greaves Alpha', 7, 17, 'ArmaduraPerna', 'Description goes here.', 12000, 12000),
(1332, 'Damascus Greaves Beta', 7, 17, 'ArmaduraPerna', 'Description goes here.', 12000, 12000),
(1333, 'Dantes Leather Boots Alpha', 8, 17, 'ArmaduraPerna', 'Description goes here.', 16000, 16000),
(1334, 'Death Stench Heels', 4, 17, 'ArmaduraPerna', 'Description goes here.', 12000, 12000),
(1335, 'Death Stench Heel Alpha', 7, 17, 'ArmaduraPerna', 'Description goes here.', 12000, 12000),
(1336, 'Death Stench Heel Beta', 7, 17, 'ArmaduraPerna', 'Description goes here.', 12000, 12000),
(1337, 'Diablos Greaves', 4, 17, 'ArmaduraPerna', 'Description goes here.', 9000, 9000),
(1338, 'Diablos Greaves Alpha', 6, 17, 'ArmaduraPerna', 'Description goes here.', 0, 0),
(1339, 'Diablos Greaves Beta', 6, 17, 'ArmaduraPerna', 'Description goes here.', 9000, 9000),
(1340, 'Diablos Nero Greaves Alpha', 7, 17, 'ArmaduraPerna', 'Description goes here.', 12000, 12000),
(1341, 'Diablos Nero Greaves Beta', 7, 17, 'ArmaduraPerna', 'Description goes here.', 12000, 12000),
(1342, 'Direwolf Greaves', 9, 17, 'ArmaduraPerna', 'Description goes here.', 0, 0),
(1343, 'N/A', 5, 17, 'ArmaduraPerna', 'N/A', 0, 0),
(1344, 'Dober Greaves Alpha', 7, 17, 'ArmaduraPerna', 'Description goes here.', 12000, 12000),
(1345, 'Drachen Greaves Alpha', 8, 17, 'ArmaduraPerna', 'N/A', 20000, 20000),
(1346, 'Dober Greaves Beta', 7, 17, 'ArmaduraPerna', 'Armor fashioned from obsidian bone of unknown provenance. It resembles an all-powerful monster.', 12000, 12000),
(1347, 'Dodogama Greaves Alpha', 5, 17, 'ArmaduraPerna', 'Description goes here.', 6000, 6000),
(1348, 'Dodogama Greaves Beta', 5, 17, 'ArmaduraPerna', 'Description goes here.', 6000, 6000),
(1349, 'Empress Greaves Alpha', 8, 17, 'ArmaduraPerna', 'Description goes here.', 20000, 20000),
(1350, 'Empress Greaves Beta', 8, 17, 'ArmaduraPerna', 'N/A', 20000, 20000),
(1351, 'Empress Greaves Gamma', 8, 17, 'ArmaduraPerna', 'Description goes here.', 0, 0),
(1352, 'Gajau Boots', 1, 17, 'ArmaduraPerna', 'The ease of working with Gajau hide makes these boots popular with more than just hunters.', 200, 200),
(1353, 'Gajau Boots Alpha', 5, 17, 'ArmaduraPerna', 'Description goes here.', 4000, 4000),
(1354, 'Gajau Boots Beta', 5, 17, 'ArmaduraPerna', 'Description goes here.', 4000, 4000),
(1355, 'Gala Suit Slacks Alpha', 7, 17, 'ArmaduraPerna', 'Description goes here.', 12000, 12000),
(1356, 'Gala Suit Slacks', 4, 17, 'ArmaduraPerna', 'Description goes here.', 3000, 3000),
(1357, 'Girros Greaves', 3, 17, 'ArmaduraPerna', 'Description goes here.', 1500, 1500),
(1358, 'Girros Greaves +', 9, 17, 'ArmaduraPerna', 'Description goes here.', 10000, 10000),
(1359, 'Girros Greaves Alpha', 5, 17, 'ArmaduraPerna', 'Description goes here.', 4000, 4000),
(1360, 'Girros Greaves Beta', 5, 17, 'ArmaduraPerna', 'Description goes here.', 4000, 4000),
(1361, 'Golden Lunegreaves Alpha +', 12, 17, 'ArmaduraPerna', 'Description goes here.', 24000, 24000),
(1362, 'Golden Lunegreaves Beta +', 12, 17, 'ArmaduraPerna', 'Description goes here.', 24000, 24000),
(1363, 'Guild Cross Boots Alpha', 8, 17, 'ArmaduraPerna', 'Description goes here.', 16000, 16000),
(1364, 'Guild Cross Boots Beta', 8, 17, 'ArmaduraPerna', 'Description goes here.', 16000, 16000),
(1365, 'Harvest Raiz', 3, 17, 'ArmaduraPerna', 'Description goes here.', 1500, 1500),
(1366, 'Harvest Raiz Alpha', 3, 17, 'ArmaduraPerna', 'Description goes here.', 9000, 9000),
(1367, 'High Metal Greaves', 3, 17, 'ArmaduraPerna', 'Description goes here.', 1500, 1500),
(1368, 'High Metal Greaves Alpha', 6, 17, 'ArmaduraPerna', 'Description goes here.', 9000, 9000),
(1369, 'High Metal Greaves Beta', 6, 17, 'ArmaduraPerna', 'Description goes here.', 9000, 9000),
(1370, 'Hornetaur Greaves', 3, 17, 'ArmaduraPerna', 'Description goes here.', 1500, 1500),
(1371, 'Hornetaur Greaves Alpha', 5, 17, 'ArmaduraPerna', 'Description goes here.', 4000, 4000),
(1372, 'Hornetaur Greaves Beta', 5, 17, 'ArmaduraPerna', 'Description goes here.', 4000, 4000),
(1373, 'Hunters Greaves', 1, 17, 'ArmaduraPerna', 'Armor widely used among hunters. Basic leggings for traversing any environment.', 200, 200),
(1374, 'Hunters Greaves Alpha', 5, 17, 'ArmaduraPerna', 'Description goes here.', 4000, 4000),
(1375, 'Hunters Greaves Beta', 5, 17, 'ArmaduraPerna', 'Description goes here.', 4000, 4000),
(1376, 'Ingot Greaves', 4, 17, 'ArmaduraPerna', 'Description goes here.', 3000, 3000),
(1377, 'Ingot Greaves Alpha', 6, 17, 'ArmaduraPerna', 'Description goes here.', 3000, 3000),
(1378, 'Ingot Greaves Beta', 6, 17, 'ArmaduraPerna', 'Description goes here.', 3000, 3000),
(1379, 'Ingot Leggings', 1, 17, 'ArmaduraPerna', 'Description goes here.', 10000, 10000),
(1380, 'Jagras Greaves', 1, 17, 'ArmaduraPerna', 'Diligently polished Great Jagras scale marries steel in beautiful harmony in this armor.', 200, 200),
(1381, 'Jagras Greaves Alpha', 5, 17, 'ArmaduraPerna', 'Description goes here.', 4000, 4000),
(1382, 'Jagras Greaves Beta', 5, 17, 'ArmaduraPerna', 'Description goes here.', 4000, 4000),
(1383, 'Jyura Greaves', 2, 17, 'ArmaduraPerna', 'Description goes here.', 500, 500),
(1384, 'Jyura Greaves Alpha', 5, 17, 'ArmaduraPerna', 'Description goes here.', 6000, 6000),
(1385, 'Jyura Greaves Beta', 5, 17, 'ArmaduraPerna', 'Description goes here.', 6000, 6000),
(1386, 'Kadachi Greaves', 2, 17, 'ArmaduraPerna', 'Description goes here.', 500, 500),
(1387, 'Kadachi Greaves Alpha', 5, 17, 'ArmaduraPerna', 'Description goes here.', 6000, 6000),
(1388, 'Kadachi Greaves Beta', 5, 17, 'ArmaduraPerna', 'Description goes here.', 6000, 6000),
(1389, 'Kaiser Greaves Alpha', 8, 17, 'ArmaduraPerna', 'Description goes here.', 16000, 16000),
(1390, 'Kaiser Greaves Beta', 8, 17, 'ArmaduraPerna', 'Description goes here.', 16000, 16000),
(1391, 'Kaiser Greaves Gamma', 8, 17, 'ArmaduraPerna', 'Description goes here.', 20000, 20000),
(1392, 'King Beetle Crura', 3, 17, 'ArmaduraPerna', 'Description goes here.', 1500, 1500),
(1393, 'King Beetle Crura Alpha', 5, 17, 'ArmaduraPerna', 'Description goes here.', 6000, 6000),
(1394, 'King Beetle Crura Beta', 5, 17, 'ArmaduraPerna', 'Description goes here.', 6000, 6000),
(1395, 'Kirin Leg Guards', 4, 17, 'ArmaduraPerna', 'Description goes here.', 3000, 3000),
(1396, 'Kirin Leg Guards Alpha', 8, 17, 'ArmaduraPerna', 'Description goes here.', 16000, 16000),
(1397, 'N/A', 8, 17, 'ArmaduraPerna', 'N/A', 0, 0),
(1398, 'Kirin Leg Guards Gamma', 8, 17, 'ArmaduraPerna', 'Description goes here.', 10000, 10000),
(1399, 'Kulu Greaves', 1, 17, 'ArmaduraPerna', 'Description goes here.', 200, 200),
(1400, 'Kulu Greaves Alpha', 5, 17, 'ArmaduraPerna', 'Description goes here.', 4000, 4000),
(1401, 'Kulu Greaves Beta', 5, 17, 'ArmaduraPerna', 'Description goes here.', 4000, 4000),
(1402, 'Kulve Taroths Wrath Alpha', 8, 17, 'ArmaduraPerna', 'Description goes here.', 20000, 20000),
(1403, 'Kulve Taroths Wrath Beta', 8, 17, 'ArmaduraPerna', 'Description goes here.', 20000, 20000),
(1404, 'N/A', 8, 17, 'ArmaduraPerna', 'N/A', 0, 0),
(1405, 'Kushala Crus Alpha', 8, 17, 'ArmaduraPerna', 'Description goes here.', 16000, 16000),
(1406, 'Kushala Crus Beta', 8, 17, 'ArmaduraPerna', 'Description goes here.', 16000, 16000),
(1407, 'Kushala Crus Gamma', 8, 17, 'ArmaduraPerna', 'Description goes here.', 20000, 20000),
(1408, 'Lavasioth Greaves Alpha', 6, 17, 'ArmaduraPerna', 'Description goes here.', 9000, 9000),
(1409, 'Lavasioth Greaves Beta', 6, 17, 'ArmaduraPerna', 'Description goes here.', 9000, 9000),
(1410, 'Leather Trousers', 1, 17, 'ArmaduraPerna', 'Armor made of treated monster hide. A safe choice, designed for multi-purpose use.', 100, 100),
(1411, 'Leather Trousers Alpha', 5, 17, 'ArmaduraPerna', 'Description goes here.', 4000, 4000),
(1412, 'Leather Trousers Beta', 5, 17, 'ArmaduraPerna', 'Description goes here.', 4000, 4000),
(1413, 'Legiana Greaves', 4, 17, 'ArmaduraPerna', 'Description goes here.', 3000, 3000),
(1414, 'Legiana Greaves +', 9, 17, 'ArmaduraPerna', 'Description goes here.', 10000, 10000),
(1415, 'Legiana Greaves Alpha', 6, 17, 'ArmaduraPerna', 'Description goes here.', 9000, 9000),
(1416, 'Legiana Greaves Beta', 6, 17, 'ArmaduraPerna', 'Description goes here.', 9000, 9000),
(1417, 'Lumu Greaves', 3, 17, 'ArmaduraPerna', 'Description goes here.', 1500, 1500),
(1418, 'Lumu Greaves Alpha', 5, 17, 'ArmaduraPerna', 'Description goes here.', 6000, 6000),
(1419, 'Lumu Greaves Beta', 5, 17, 'ArmaduraPerna', 'Description goes here.', 6000, 6000),
(1420, 'Nergigante Greaves Alpha', 8, 17, 'ArmaduraPerna', 'Description goes here.', 16000, 16000),
(1421, 'Nergigante Greaves Beta', 8, 17, 'ArmaduraPerna', 'Description goes here.', 16000, 16000),
(1422, 'Nergigante Greaves Gamma', 8, 17, 'ArmaduraPerna', 'Description goes here.', 10000, 10000),
(1423, 'Odogaron Greaves', 4, 17, 'ArmaduraPerna', 'Description goes here.', 3000, 3000),
(1424, 'Odogaron Greaves Alpha', 6, 17, 'ArmaduraPerna', 'Description goes here.', 9000, 9000),
(1425, 'Odogaron Greaves Beta', 6, 17, 'ArmaduraPerna', 'Description goes here.', 9000, 9000),
(1426, 'Orion Boots Alpha', 6, 17, 'ArmaduraPerna', 'Description goes here.', 1200, 1200),
(1427, 'Origin Greaves', 1, 17, 'ArmaduraPerna', 'Description goes here.', 10000, 10000),
(1428, 'Pukei Greaves', 1, 17, 'ArmaduraPerna', 'Description goes here.', 500, 500),
(1429, 'Pukei Greaves Alpha', 5, 17, 'ArmaduraPerna', 'Description goes here.', 4000, 4000),
(1430, 'Pukei Greaves Beta', 5, 17, 'ArmaduraPerna', 'Description goes here.', 4000, 4000),
(1431, 'Rath Heart Greaves Alpha', 6, 17, 'ArmaduraPerna', 'Description goes here.', 9000, 9000),
(1432, 'Rath Heart Greaves Beta', 6, 17, 'ArmaduraPerna', 'Description goes here.', 9000, 9000),
(1433, 'Rath Soul Greaves Alpha', 7, 17, 'ArmaduraPerna', 'Description goes here.', 12000, 12000),
(1434, 'Rath Soul Greaves Beta', 7, 17, 'ArmaduraPerna', 'Description goes here.', 12000, 12000),
(1435, 'Rathalos Greaves', 4, 17, 'ArmaduraPerna', 'Description goes here.', 3000, 3000),
(1436, 'Rathalos Greaves Alpha', 6, 17, 'ArmaduraPerna', 'Description goes here.', 9000, 9000),
(1437, 'Rathalos Greaves Beta', 6, 17, 'ArmaduraPerna', 'Description goes here.', 9000, 9000),
(1438, 'Rathian Greaves', 3, 17, 'ArmaduraPerna', 'Description goes here.', 1500, 1500),
(1439, 'Rathian Greaves Alpha', 5, 17, 'ArmaduraPerna', 'Description goes here.', 10000, 10000),
(1440, 'Rathian Greaves Beta', 5, 17, 'ArmaduraPerna', 'Description goes here.', 6000, 6000),
(1441, 'Ryus Legs', 2, 17, 'ArmaduraPerna', 'Description goes here.', 10000, 10000),
(1442, 'Ryus Legs Alpha', 7, 17, 'ArmaduraPerna', 'Description goes here.', 10000, 10000),
(1443, 'Sakuras Legs Alpha', 6, 17, 'ArmaduraPerna', 'Description goes here.', 10000, 10000),
(1444, 'Tzitzi Greaves', 3, 17, 'ArmaduraPerna', 'Description goes here.', 1500, 1500),
(1445, 'Tzitzi Greaves Alpha', 5, 17, 'ArmaduraPerna', 'Description goes here.', 6000, 6000),
(1446, 'Tzitzi Greaves Beta', 5, 17, 'ArmaduraPerna', 'Description goes here.', 6000, 6000),
(1447, 'Uragaan Greaves Alpha', 7, 17, 'ArmaduraPerna', 'Description goes here.', 12000, 12000),
(1448, 'Uragaan Greaves Beta', 7, 17, 'ArmaduraPerna', 'Description goes here.', 12000, 12000),
(1449, 'Vaal Hazak Greaves Alpha', 8, 17, 'ArmaduraPerna', 'Description goes here.', 16000, 16000),
(1450, 'Vaal Hazak Greaves Beta', 8, 17, 'ArmaduraPerna', 'Description goes here.', 16000, 16000),
(1451, 'Vaal Hazak Greaves Gamma', 8, 17, 'ArmaduraPerna', 'Description goes here.', 20000, 20000),
(1452, 'Vangis Greaves Alpha', 7, 17, 'ArmaduraPerna', 'Deviljho armor that bestows epic power to its wearer, at the cost for a never-ending thirst for flesh.', 12000, 12000),
(1453, 'Vangis Greaves Beta', 7, 17, 'ArmaduraPerna', 'Deviljho armor that bestows epic power to its wearer, at the cost for a never-ending thirst for flesh.', 12000, 12000),
(1454, 'Vespoid Greaves', 1, 17, 'ArmaduraPerna', 'Armor made from hard Vespoid carapace. Though weak to fire element, it offers solid defense.', 200, 200),
(1455, 'Vespoid Greaves Alpha', 5, 17, 'ArmaduraPerna', 'Armor made from hard Vespoid carapace. Though weak to fire element, it offers solid defense.', 4000, 4000),
(1456, 'Vespoid Greaves Beta', 5, 17, 'ArmaduraPerna', 'Armor made from hard Vespoid carapace. Though weak to fire element, it offers solid defense.', 4000, 4000),
(1457, 'Xenojiiva Spurs Alpha', 8, 17, 'ArmaduraPerna', 'Description goes here.', 20000, 20000),
(1458, 'Xenojiiva Spurs Beta', 8, 17, 'ArmaduraPerna', 'Description goes here.', 20000, 20000),
(1459, 'Zorah Spurs Alpha', 6, 17, 'ArmaduraPerna', 'Description goes here.', 9000, 9000),
(1460, 'Zorah Spurs Beta', 6, 17, 'ArmaduraPerna', 'Description goes here.', 9000, 9000),
(1461, 'Zorah Spurs Gamma', 8, 17, 'ArmaduraPerna', 'Description goes here.', 20000, 20000);

INSERT INTO Armadura (IdArmadura, Defesa, Fogo, Agua, Raio, Gelo, Dragao) VALUES
(1299, 8, -2, 1, -2, -2, 1),
(1300, 36, -2, 0, -2, -2, 0),
(1301, 36, -2, 0, -2, -2, 0),
(1302, 20, 3, -3, -1, -1, 0),
(1303, 130, 3, -3, -1, -1, 0),
(1304, 44, 3, -3, -1, -1, 0),
(1305, 44, 3, -3, -1, -1, 0),
(1306, 56, 2, 2, 0, 0, 3),
(1307, 24, 0, 2, 0, -1, -2),
(1308, 24, 0, 2, 0, -1, -2),
(1309, 130, -2, 2, -1, 3, -3),
(1310, 14, -3, -1, 3, -1, 0),
(1311, 42, -3, -1, 3, -1, 0),
(1312, 42, -3, -1, 3, -1, 0),
(1313, 58, 3, 1, -4, -2, -2),
(1314, 58, 3, 1, -4, -2, -2),
(1315, 130, -3, 0, -2, 3, 2),
(1316, 18, 1, 1, 4, 1, 1),
(1317, 40, 1, 1, 4, 1, 1),
(1318, 6, 2, 0, 2, 0, 2),
(1319, 36, 2, 0, 2, 0, 2),
(1320, 36, 2, 0, 2, 0, 2),
(1321, 28, 1, 0, 2, 0, 2),
(1322, 52, 1, 0, 2, 0, 2),
(1323, 22, -1, -1, 2, 0, 2),
(1324, 42, -1, -1, 2, 0, 2),
(1325, 42, -1, -1, 2, 0, 2),
(1326, 2, 0, 2, 0, 0, 0),
(1327, 32, 0, 2, 0, 0, 0),
(1328, 32, 0, 2, 0, 0, 0),
(1329, 70, 2, 2, 2, 2, 2),
(1330, 70, 2, 2, 2, 2, 2),
(1331, 60, 4, -2, 0, 0, 0),
(1332, 60, 4, -2, 0, 0, 0),
(1333, 64, 3, -3, 3, -3, 3),
(1334, 32, 3, 2, -2, 3, -4),
(1335, 62, 3, 2, -2, 3, -4),
(1336, 62, 3, 2, -2, 3, -4),
(1337, 32, 3, -2, 0, -3, 2),
(1338, 54, 0, 0, 0, 0, 0),
(1339, 54, 3, -2, 0, -3, 2),
(1340, 56, 3, -3, 0, -4, 2),
(1341, 56, 3, -3, 0, -4, 2),
(1342, 130, 2, 0, 0, 2, 0),
(1343, 0, 0, 0, 0, 0, 0),
(1344, 60, -2, 0, -1, -1, 4),
(1345, 72, -2, -2, 3, -2, 4),
(1346, 60, -2, 0, -1, -1, 4),
(1347, 48, 2, 0, -3, 0, 2),
(1348, 48, 2, 0, -3, 0, 2),
(1349, 70, 3, 1, 1, -3, -2),
(1350, 70, 3, 1, 1, -3, -2),
(1351, 70, 0, 0, 0, 0, 0),
(1352, 12, 0, 5, 0, 0, 0),
(1353, 40, 0, 5, 0, 0, 0),
(1354, 40, 0, 5, 0, 0, 0),
(1355, 64, 1, 1, 1, 1, 4),
(1356, 34, 1, 1, 1, 1, 4),
(1357, 20, 0, -3, 2, 0, 1),
(1358, 130, 0, -3, 2, 0, 1),
(1359, 40, 0, -3, 2, 0, 1),
(1360, 40, 0, -3, 2, 0, 1),
(1361, 162, 3, -2, -4, 0, 4),
(1362, 162, 3, -2, -4, 0, 4),
(1363, 68, 0, 0, 0, 0, 0),
(1364, 68, 0, 0, 0, 0, 0),
(1365, 26, 4, 1, 1, 1, 1),
(1366, 52, 4, 1, 1, 1, 1),
(1367, 18, 0, -1, -2, 3, 0),
(1368, 50, 0, -1, -2, 3, 0),
(1369, 50, 0, -1, -2, 3, 0),
(1370, 18, -1, -1, 0, 0, 2),
(1371, 38, -1, -1, 0, 0, 2),
(1372, 38, -1, -1, 0, 0, 2),
(1373, 6, 2, 2, 0, 0, 0),
(1374, 36, 2, 2, 0, 0, 0),
(1375, 36, 2, 2, 0, 0, 0),
(1376, 28, -2, 0, 3, -1, 0),
(1377, 50, -2, 0, 3, -1, 0),
(1378, 50, -2, 0, 3, -1, 0),
(1379, 16, -1, -1, 0, 1, 0),
(1380, 8, -2, 2, -1, -1, 1),
(1381, 40, -2, 2, -1, -1, 1),
(1382, 40, -2, 2, -1, -1, 1),
(1383, 14, -1, 2, -3, 0, 0),
(1384, 44, -1, 2, -3, 0, 0),
(1385, 44, -1, 2, -3, 0, 0),
(1386, 16, 0, -3, 3, 0, 0),
(1387, 44, 0, -3, 3, 0, 0),
(1388, 44, 0, -3, 3, 0, 0),
(1389, 64, 3, -3, 1, -3, 1),
(1390, 64, 3, -3, 1, -3, 1),
(1391, 72, 3, -3, 1, -3, 1),
(1392, 22, -1, -1, 2, 0, 2),
(1393, 42, -1, -1, 2, 0, 2),
(1394, 42, -1, -1, 2, 0, 2),
(1395, 32, -3, -2, 4, -2, 2),
(1396, 64, -3, -2, 4, -2, 2),
(1397, 0, 0, 0, 0, 0, 0),
(1398, 64, -3, -2, 4, -2, 2),
(1399, 10, 0, -3, 0, 1, 0),
(1400, 40, 0, 0, 0, -3, 0),
(1401, 40, 0, 0, 0, -3, 0),
(1402, 72, 4, -2, 3, -4, -2),
(1403, 72, 4, -2, 3, -4, -2),
(1404, 0, 0, 0, 0, 0, 0),
(1405, 64, 0, 2, -3, 4, -2),
(1406, 64, 0, 2, -3, 4, -2),
(1407, 72, 0, 2, -3, 4, -2),
(1408, 56, 3, -3, 1, -2, 2),
(1409, 56, 3, -3, 1, -2, 2),
(1410, 2, 2, 0, 0, 0, 0),
(1411, 32, 2, 0, 0, 0, 0),
(1412, 32, 2, 0, 0, 0, 0),
(1413, 30, -1, 2, -3, 3, 0),
(1414, 130, -1, 2, -3, 3, 0),
(1415, 54, -1, 2, -3, 3, 0),
(1416, 54, -1, 2, -3, 3, 0),
(1417, 20, -3, 2, 0, 1, 0),
(1418, 44, -3, 2, 0, 1, 0),
(1419, 44, -3, 2, 0, 1, 0),
(1420, 64, 1, 1, -3, 1, -3),
(1421, 64, 1, 1, -3, 1, -3),
(1422, 72, 1, 1, -3, 1, -3),
(1423, 30, 2, 2, -2, -3, 0),
(1424, 54, 2, 2, -2, -3, 0),
(1425, 54, 2, 2, -2, -3, 0),
(1426, 58, 1, 1, 1, 4, 1),
(1427, 6, 0, 0, 0, 0, 0),
(1428, 16, 0, 3, -3, 0, 1),
(1429, 42, 0, 3, -3, 0, 1),
(1430, 42, 0, 3, -3, 0, 1),
(1431, 52, 3, 0, -3, 0, -4),
(1432, 52, 3, 0, -3, 0, -4),
(1433, 56, 3, 2, 2, -3, -4),
(1434, 56, 3, 2, 2, -3, -4),
(1435, 30, 3, 1, -2, 1, -3),
(1436, 54, 3, 1, -2, 1, -3),
(1437, 54, 3, 1, -2, 1, -3),
(1438, 22, 2, 0, -2, 0, -3),
(1439, 46, 2, 0, -2, 0, -3),
(1440, 46, 2, 0, -2, 0, -3),
(1441, 12, 2, 0, 5, -3, 2),
(1442, 60, 2, 0, 5, -3, 2),
(1443, 50, 0, 4, 0, 4, -2),
(1444, 18, 0, 0, -3, -2, 0),
(1445, 40, 0, 0, -3, -2, 0),
(1446, 40, 0, 0, -3, -2, 0),
(1447, 60, 4, -3, 1, -2, -2),
(1448, 60, 4, -3, 1, -2, -2),
(1449, 64, -4, 4, 1, -1, 3),
(1450, 64, -4, 4, 1, -1, 3),
(1451, 64, -4, 4, 1, -1, -3),
(1452, 58, 1, 1, -3, 2, -3),
(1453, 58, 1, 1, -3, 2, -3),
(1454, 8, -2, 1, 1, 1, 2),
(1455, 38, -2, 1, 1, 1, 2),
(1456, 38, -2, 1, 1, 1, 2),
(1457, 72, -3, 2, 2, 2, 4),
(1458, 72, -3, 2, 2, 2, 4),
(1459, 44, 4, -3, -1, -2, -3),
(1460, 44, 4, -3, -1, -2, -3),
(1461, 72, 4, -3, -1, -2, -3);

-- Forja Armaduras:
INSERT INTO CriaItem (Item, Quantidade, ItemConsumido) VALUES
(1136, 3,405),
(1136, 6,347),
(1136, 1,254),
(1137,2,215),
(1137,4,248),
(1137,4,250),
(1137,5,405),
(1138,2,215),
(1138,4,248),
(1138,4,250),
(1138,5,405),
(1139, 2,148),
(1139, 2,149),
(1139, 2,152),
(1139, 2,153),
(1139, 1,146),
(1139, 1,147),
(1139, 2,415),
(1141,4,149),
(1141,4,153),
(1141,1,147),
(1141,4,418),
(1142,4,149),
(1142,4,153),
(1142,1,147),
(1142,4,418),
(1143,5,238),
(1143,6,236),
(1143,4,240),
(1144,2,489),
(1144,2,490),
(1144,1,491),
(1144,1,488),
(1144,3,540),
(1145,4,490),
(1145,3,492),
(1145,2,488),
(1145,8,540),
(1146,4,490),
(1146,3,492),
(1146,2,488),
(1146,8,540),
(1148, 2,176),
(1148, 2,177),
(1148, 1,180),
(1148, 2,175),
(1148, 2,363),
(1149,4,177),
(1149,2,178),
(1149,3,361),
(1149,1,194),
(1149,1,619),
(1150,4,177),
(1150,2,178),
(1150,3,361),
(1150,1,194),
(1151,4,181),
(1151,2,186),
(1151,2,185),
(1151,1,266),
(1152,4,181),
(1152,2,186),
(1152,2,185),
(1152,1,266),
(1154,1,254),
(1155,1,215),
(1156, 3,413),
(1156, 2,363),
(1157,3,480),
(1157,2,412),
(1157,3,218),
(1158,3,480),
(1158,2,412),
(1158,3,218),
(1159, 2,468),
(1159, 2,470),
(1159, 2,374),
(1159, 1,217),
(1159, 1,335),
(1160,2,343),
(1160,4,173),
(1160,3,495),
(1161,2,343),
(1161,4,173),
(1161,3,495),
(1162, 1,307),
(1162, 2,248),
(1162, 2,219),
(1162, 1,157),
(1163,1,307),
(1163,2,250),
(1163,3,597),
(1163, 2,555),
(1164,1,307),
(1164,2,250),
(1164,2,416),
(1164,2,567),
(1165, 1,347),
(1166, 2,215),
(1166, 2,248),
(1167, 2,215),
(1167, 2,248),
(1168,2,335),
(1168,8,398),
(1168,2,526),
(1169,8,398),
(1169,2,526),
(1169,2,335),
(1170,2,255),
(1170,5,198),
(1170,1,434),
(1171,2,255),
(1171,5,198),
(1171,1,434),
(1172,6,149),
(1172,4,142),
(1173,1,526),
(1173,3,604),
(1173,6,540),
(1173,1,402),
(1174,2,526),
(1174,2,207),
(1174,2,592),
(1174,1,434),
(1175,2,526),
(1175,2,207),
(1175,2,592),
(1175,1,434),
(1176,4,198),
(1176,6,197),
(1176,5,215),
(1176,5,281),
(1177,4,198),
(1177,6,197),
(1177,5,215),
(1177,5,281),
(1178,2,198),
(1178,2,233),
(1178,2,234),
(1178,1,235),
(1178,1,402),
(1179,4,198),
(1179,6,197),
(1179,6,230),
(1179,3,235),
(1179,5,361),
(1180,4,198),
(1180,6,197),
(1180,6,230),
(1180,3,235),
(1180,5,361),
(1183, 3,191),
(1183, 3,189),
(1183, 1,190),
(1183, 1,193),
(1184,3,256),
(1184,3,480),
(1184,1,585),
(1184,3,207),
(1185,3,256),
(1185,3,480),
(1185,1,585),
(1185,3,207),
(1186,4,236),
(1186,4,240),
(1186,4,238),
(1187,4,236),
(1187,4,240),
(1187,4,238),
(1188, 1,266),
(1189, 1,266),
(1191, 2,412),
(1192, 1,256),
(1192, 2,335),
(1193,1,301),
(1193,1,302),
(1193,2,287),
(1193,2,300),
(1195,2,302),
(1195,2,287),
(1195,2,300),
(1195,2,449),
(1196,2,302),
(1196,2,287),
(1196,2,300),
(1196,2,449),
(1199,3,144),
(1199,3,208),
(1199,2,343),
(1199,1,335),
(1200,3,144),
(1200,3,208),
(1200,2,343),
(1200,1,335),
(1202, 1,540),
(1203, 1,418),
(1204, 2,248),
(1204, 2,405),
(1204, 2,254),
(1204, 2,525),
(1205,3,215),
(1205,4,250),
(1205, 4,171),
(1206,3,215),
(1206,4,250),
(1206, 4,171),
(1207,1,310),
(1207,1,311),
(1207,1,349),
(1207,1,350),
(1207, 1,313),
(1207, 1,314),
(1207, 1,351),
(1208,2,310),
(1208,2,350),
(1208,4,314),
(1209,2,310),
(1209,2,350),
(1209,4,314),
(1210, 1,342),
(1210, 1,341),
(1210, 3,347),
(1210, 1,405),
(1211,3,338),
(1211,2,340),
(1211,2,416),
(1212,3,338),
(1212,2,340),
(1212,2,416),
(1214,3,248),
(1214,1,412),
(1214,3,219),
(1214,1,402),
(1215,3,248),
(1215,1,412),
(1215,3,219),
(1215,1,402),
(1216,3,248),
(1216,1,412),
(1216,3,219),
(1216,1,402),
(1217, 2,313),
(1217, 2,314),
(1217, 1,310),
(1217, 1,311),
(1217, 3,310),
(1217, 3,311),
(1217, 3,349),
(1217, 3,350),
(1218,4,314),
(1218,2,310),
(1218,3,412),
(1218,1,310),
(1218,1,350),
(1219,4,314),
(1219,2,310),
(1219,3,412),
(1219,1,310),
(1219,1,350),
(1220, 2,359),
(1220, 1,353),
(1220, 1,354),
(1220, 2,279),
(1221,3,354),
(1221,3,418),
(1222,3,354),
(1222,3,418),
(1223, 2,563),
(1223, 2,564),
(1223, 2,565),
(1223, 2,566),
(1223, 1,558),
(1223, 1,559),
(1223, 2,414),
(1224,4,564),
(1224,4,559),
(1224,2,566),
(1224,4,418),
(1225,4,564),
(1225,4,559),
(1225,2,566),
(1225,4,418),
(1226,4,264),
(1226,4,543),
(1226,4,544),
(1226,4,256),
(1227,4,264),
(1227,4,543),
(1227,4,544),
(1227,4,256),
(1228, 6,363),
(1228, 3,362),
(1229, 6,363),
(1229, 3,362),
(1229, 3,480),
(1230, 6,363),
(1230, 3,362),
(1230, 3,480),
(1231,1,307),
(1231,2,254),
(1231,1,219),
(1231,1,157),
(1232,1,307),
(1232,2,250),
(1232,2,416),
(1232,2,567),
(1233,1,307),
(1233,2,250),
(1233,2,416),
(1233,2,567),
(1234,3,366),
(1234,3,367),
(1234,2,368),
(1234,2,455),
(1234,1,402),
(1235,3,367),
(1235,4,368),
(1235,3,450),
(1235,6,250),
(1236,3,367),
(1236,4,368),
(1236,3,450),
(1236,6,250),
(1238, 2,381),
(1238, 2,382),
(1238, 1,377),
(1238, 1,378),
(1238, 3,347),
(1239,2,381),
(1239,2,382),
(1239,1,377),
(1239,1,378),
(1239,3,347),
(1240,2,381),
(1240,2,382),
(1240,1,377),
(1240,1,378),
(1240,3,347),
(1241, 12,297),
(1241, 12,298),
(1242, 12,297),
(1242, 12,298),
(1244,5,221),
(1244,2,226),
(1244,1,396),
(1245,5,221),
(1245,2,226),
(1245,1,396),
(1246,4,387),
(1246,4,388),
(1246,6,390),
(1246,6,277),
(1247,4,387),
(1247,4,388),
(1247,6,390),
(1247,6,277),
(1248, 1,347),
(1249, 2,215),
(1251, 2,394),
(1251, 2,395),
(1251,2,397),
(1251,2,398),
(1251,1,399),
(1251,1,275),
(1253,4,395),
(1253,4,398),
(1253,3,399),
(1253,1,434),
(1254,4,395),
(1254,4,398),
(1254,3,399),
(1254,1,434),
(1255, 2,451),
(1255, 2,452),
(1255, 1,453),
(1255, 1,454),
(1255, 1,457),
(1256,4,452),
(1256,2,454),
(1256,2,458),
(1256,5,480),
(1257,4,452),
(1257,2,454),
(1257,2,458),
(1257,5,480),
(1258, 4,423),
(1258, 1,427),
(1258, 2,430),
(1258, 1,266),
(1259, 4,423),
(1259, 1,427),
(1259, 2,430),
(1259, 1,266),
(1261,2,446),
(1261,2,447),
(1261,2,444),
(1261,2,445),
(1261,1,448),
(1261,2,342),
(1262,4,447),
(1262,4,445),
(1262,2,448),
(1262,4,340),
(1263,4,447),
(1263,4,445),
(1263,2,448),
(1263,4,340),
(1266, 2,474),
(1266, 2,475),
(1266,1,476),
(1266,1,469),
(1267,4,475),
(1267,3,477),
(1268,4,475),
(1268,3,477),
(1269, 6,465),
(1269,2,466),
(1269,3,513),
(1269,1,508),
(1270, 6,465),
(1270,2,466),
(1270,3,513),
(1270,1,508),
(1271,6,164),
(1271,2,167),
(1271,1,166),
(1271,4,170),
(1272,6,164),
(1272,2,167),
(1272,1,166),
(1272,4,170),
(1273, 2,501),
(1273,1,503),
(1273,2,268),
(1273,2,412),
(1274, 6,164),
(1274, 6,494),
(1274,2,167),
(1274,2,504),
(1274,2,346),
(1274,6,493),
(1275, 6,164),
(1275, 6,494),
(1275,2,167),
(1275,2,504),
(1275,2,346),
(1275,6,493),
(1276, 2,511),
(1276, 2,466),
(1276, 2,509),
(1276, 2,510),
(1276, 1,512),
(1276, 1,513),
(1276, 2,415),
(1277,2,465),
(1277,2,505),
(1277,4,466),
(1277,4,510),
(1277,2,513),
(1277,4,418),
(1278,2,465),
(1278,2,505),
(1278,4,466),
(1278,4,510),
(1278,2,513),
(1278,4,418),
(1283,4,576),
(1283,2,578),
(1283,4,580),
(1283,2,250),
(1284,4,576),
(1284,2,578),
(1284,4,580),
(1284,2,250),
(1287,3,590),
(1287,6,228),
(1287,2,592),
(1287,1,591),
(1288,3,590),
(1288,6,228),
(1288,2,592),
(1288,1,591),
(1289,1,247),
(1290,1,247),
(1291, 2,600),
(1291, 1,417),
(1292, 4,597),
(1292,2,598),
(1292,3,416),
(1292,2,449),
(1293, 4,597),
(1293,2,598),
(1293,3,416),
(1293,2,449),
(1294, 4,624),
(1294, 3,621),
(1294, 3,1294),
(1294, 3,1295),
(1294,2,627),
(1294,1,194),
(1294,1,619),
(1295, 4,624),
(1295, 3,621),
(1295, 3,1294),
(1295, 3,1295),
(1295,2,627),
(1295,1,194),
(1295,1,619),
(1296,3,631),
(1296,3,633),
(1296,2,632),
(1296,8,248),
(1297,3,631),
(1297,3,633),
(1297,2,632),
(1297,8,248),
(1298, 2,629),
(1298, 1,634),
(1298, 1 ,630);


COMMIT;